rep,seed,changeover_s_per_h,n_changeovers,avg_tardiness_s,max_tardiness_s,pct_late,avg_flow_s,utilization,wip,throughput_per_h,unfinished_jobs,jobs_counted,level,strategy,lam
0,1000,2063.75,68,17055.404960970765,33943.74826367422,0.9921259842519685,19670.401966133595,1.0,19.30852037419869,2.7222222222222223,31,127,light,fcfs,
1,1001,1902.4435447639771,74,22264.620700157822,42376.778124639735,0.9926470588235294,24904.61865980496,1.0,26.478260484443933,3.0833333333333335,38,136,light,fcfs,
2,1002,2135.5246527159115,74,12442.922587273852,26945.04309568541,0.9626865671641791,15014.407513231665,0.9980624035321977,15.524155916458662,3.0,26,134,light,fcfs,
3,1003,1932.4444444444443,69,9752.69594786114,23105.92733052587,0.9243697478991597,12258.831922414118,0.959623320940017,11.256180546043831,2.75,20,119,light,fcfs,
4,1004,2053.138888888889,73,14791.78809148448,31381.83419692646,0.9534883720930233,17415.801437143866,1.0,17.394111252129843,2.7777777777777777,34,129,light,fcfs,
5,1005,1964.6111111111106,67,19056.99098168489,42484.41655114488,0.992,21671.766676567124,1.0,20.95593150238322,2.8333333333333335,27,125,light,fcfs,
6,1006,1897.4166666666667,68,14763.623767531557,26475.323623573582,0.9794520547945206,17349.20980764332,1.0,19.613264247157296,3.2222222222222223,34,146,light,fcfs,
7,1007,2149.694444444444,76,12490.545967590178,23435.787712772682,0.9752066115702479,15047.150826169027,1.0,14.28920185750451,2.8055555555555554,26,121,light,fcfs,
8,1008,2155.8773636697506,75,23349.655601576982,44676.38443216433,0.9855072463768116,25934.616721968334,1.0,28.199835429154405,2.75,50,138,light,fcfs,
9,1009,1876.888888888889,66,16321.237304015192,28727.419647737668,0.972027972027972,18906.194976541054,1.0,21.01064688325344,3.111111111111111,36,143,light,fcfs,
10,1010,2068.709029775103,71,17961.8736056559,26231.31555501072,0.9831932773109243,20562.656965509494,1.0,19.14793502678132,2.9166666666666665,22,119,light,fcfs,
11,1011,2155.9444444444443,72,18678.249253683207,29948.042623959307,0.9741379310344828,21246.83466165527,1.0,19.749712142257614,2.6944444444444446,29,116,light,fcfs,
12,1012,2066.722222222222,74,8565.795138530219,15852.476774216506,0.9473684210526315,11143.296650219132,1.0,10.044371635013905,2.9444444444444446,14,114,light,fcfs,
13,1013,1926.3819430261226,66,8900.566777910497,18638.101238117524,0.951048951048951,11448.5349264019,1.0,12.668958289917843,3.25,28,143,light,fcfs,
14,1014,2064.4935703423394,74,10000.685281777245,19109.59970354481,0.9343065693430657,12435.389095680874,0.9719075278517554,13.154977427782438,3.3055555555555554,19,137,light,fcfs,
15,1015,2049.431176183948,69,22330.7746844766,37817.41603389356,1.0,24988.72922993114,1.0,25.58838634308659,2.638888888888889,42,132,light,fcfs,
16,1016,2082.630597812772,73,19696.805670356774,40525.16457293909,0.9772727272727273,22295.267247691594,1.0,22.836186489884202,2.6666666666666665,41,132,light,fcfs,
17,1017,2166.70416344208,77,13985.828275363334,20981.73035674986,1.0,16545.753608696665,1.0,16.024569835947744,3.0277777777777777,19,125,light,fcfs,
18,1018,1939.7153266269306,71,11732.442475401434,20869.6569961762,0.9663865546218487,14347.487055635189,1.0,13.20146190692691,2.888888888888889,17,119,light,fcfs,
19,1019,2100.0250816958046,73,24404.727983466324,43009.87840508863,0.9857142857142858,26955.27023957964,1.0,29.730839991910802,2.75,51,140,light,fcfs,
20,1020,1633.8055555555557,57,7909.0616381262535,24007.772505450223,0.8548387096774194,10392.560468677371,0.8987666695766827,10.000246343850648,2.6944444444444446,30,124,light,fcfs,
21,1021,1930.7121049651194,65,13976.112408878902,32650.135336441817,0.9090909090909091,16587.011674425903,0.9651255265314705,15.496915972104455,2.611111111111111,30,121,light,fcfs,
22,1022,2072.5099345578237,76,16010.645290386465,29738.01894890466,0.9624060150375939,18539.93621567613,0.9832415128856088,19.100204370281617,2.861111111111111,34,133,light,fcfs,
23,1023,1962.1944444444443,70,4859.372773367796,15287.17985797445,0.8956521739130435,7290.256317794475,0.9647329281581914,6.6715390335315305,2.9444444444444446,15,115,light,fcfs,
24,1024,1897.361111111111,63,8841.005024919084,21883.9561197289,0.926829268292683,11397.208426894089,0.969621235824987,10.816795034783741,2.8333333333333335,21,123,light,fcfs,
25,1025,1957.1012642854212,69,23946.397589040378,44918.478812926376,0.9927536231884058,26638.47182463377,1.0,28.462358259254525,2.861111111111111,42,138,light,fcfs,
26,1026,2040.6944444444443,74,13886.95620327123,20604.000395773386,0.9696969696969697,16405.360783964446,1.0,16.843415450216373,3.3333333333333335,18,132,light,fcfs,
27,1027,2009.5982358225738,67,14301.58929019469,27123.45486536823,0.967479674796748,16924.207040737158,1.0,16.15335706388509,2.8055555555555554,25,123,light,fcfs,
28,1028,2288.25,83,8691.77253475075,16887.175992943434,0.9576271186440678,11182.11847025309,1.0,10.425172618252548,3.0,17,118,light,fcfs,
29,1029,2058.869065104695,74,18495.74723460733,34210.193605091656,0.9846153846153847,21076.72143275002,1.0,21.218750526195112,2.8333333333333335,34,130,light,fcfs,
0,1000,1954.1666666666663,64,15275.624380802814,30111.35329145963,0.984251968503937,17878.349852703424,1.0,17.552990911192264,2.8333333333333335,27,127,light,edd,
1,1001,1892.3333333333333,70,19736.14252083064,42526.942859155315,0.9926470588235294,22376.14048047778,1.0,23.832812453757253,3.0277777777777777,39,136,light,edd,
2,1002,2030.9968749381337,72,8094.378408985323,19501.074453812835,0.9552238805970149,10657.949864077656,0.9980624035321977,11.01979384094449,3.1666666666666665,20,134,light,edd,
3,1003,1917.3333333333337,69,8405.200954489947,20969.92733052587,0.8907563025210085,10890.899149304874,0.959623320940017,10.000131163327778,2.75,20,119,light,edd,
4,1004,1986.5000000000005,70,13170.81579035105,29440.87207292403,0.9534883720930233,15794.829136010434,1.0,15.789331723995481,2.8333333333333335,32,129,light,edd,
5,1005,2027.7229990418464,70,19540.34767321672,44496.669644570706,0.984,22151.207124015225,1.0,21.427421131480543,2.7777777777777777,29,125,light,edd,
6,1006,1920.7777777777778,68,14556.545916757246,25771.605578127754,0.9726027397260274,17141.20024345781,1.0,19.352040453724314,3.1944444444444446,33,146,light,edd,
7,1007,2127.0402279345744,76,11275.513765843985,21712.783200735925,0.9752066115702479,13832.118624422834,1.0,13.167447655213351,2.888888888888889,24,121,light,edd,
8,1008,2215.1388888888887,76,24355.14658184027,46961.27240476658,0.9855072463768116,26940.107702231617,1.0,29.17464515421956,2.638888888888889,53,138,light,edd,
9,1009,1939.3780309762499,70,15603.792485028167,29908.07355834935,0.972027972027972,18188.75015755403,1.0,20.13397250053739,3.111111111111111,35,143,light,edd,
10,1010,1953.9722222222222,70,13201.954491030005,23505.092376154687,0.9831932773109243,15802.737850883606,1.0,14.87511577801218,3.0555555555555554,17,119,light,edd,
11,1011,2131.4968691238223,72,17936.249253683203,29655.042623959307,0.9741379310344828,20504.83466165527,1.0,19.102759981763782,2.6944444444444446,29,116,light,edd,
12,1012,2066.722222222222,74,9262.951184563555,15559.910438493942,0.9649122807017544,11843.138755482294,1.0,10.67734231402625,2.9444444444444446,14,114,light,edd,
13,1013,1954.8055555555557,68,9013.822283973752,18349.225590682443,0.9440559440559441,11549.985974638827,1.0,12.780898875549639,3.3055555555555554,26,143,light,edd,
14,1014,2144.033766932986,76,13454.23947158935,23759.34984542564,0.9416058394160584,15953.659659941439,0.9841991945184221,16.886652329817146,3.138888888888889,25,137,light,edd,
15,1015,1977.0555555555557,69,18981.91635935235,31243.938376515696,1.0,21639.87090480689,1.0,22.1538738333719,2.861111111111111,33,132,light,edd,
16,1016,1986.888888888889,68,16564.09196484496,34997.97973611878,0.9772727272727273,19162.55354217979,1.0,19.626475783045475,2.8055555555555554,35,132,light,edd,
17,1017,2060.8615592848564,75,10578.113220442754,17205.289834955765,0.992,13136.655621577269,1.0,12.72763902186865,3.2777777777777777,11,125,light,edd,
18,1018,1963.4653266269306,71,13072.969328972622,22569.846132043123,0.9747899159663865,15690.945068384259,1.0,14.435038322954217,2.9444444444444446,15,119,light,edd,
19,1019,2000.0833333333333,69,22947.37014733096,39950.961710663236,0.9857142857142858,25497.91240344428,1.0,28.177536024951685,2.8055555555555554,50,140,light,edd,
20,1020,1721.164030181013,59,7963.779135460558,24177.772505450223,0.8548387096774194,10458.839480267186,0.9172600701120097,10.066433315804911,2.6944444444444446,30,124,light,edd,
21,1021,1914.174117735516,65,12769.210103972113,30428.303931885224,0.9090909090909091,15380.10936951911,0.9681656499882606,14.374695205488283,2.7222222222222223,25,121,light,edd,
22,1022,2095.944444444445,75,17409.53004121847,35556.11139758599,0.9473684210526315,19919.69861494462,0.9657723770831397,20.51371053619758,2.6944444444444446,40,133,light,edd,
23,1023,2078.9783772492588,76,6706.099994770806,16257.912736271785,0.9043478260869565,9178.907513228894,0.9932565736691892,8.371615325776572,2.9722222222222223,14,115,light,edd,
24,1024,1970.0808934143981,64,10028.790718280334,23933.587575713464,0.9186991869918699,12582.409536558764,0.9737647543435056,11.941638680530307,2.75,24,123,light,edd,
25,1025,1999.8888888888885,70,28261.690012849976,47147.971906704246,0.9927536231884058,30953.76424844337,1.0,33.17106743341694,2.8055555555555554,43,138,light,edd,
26,1026,2069.0647274780804,72,11004.044468014066,23587.79625884771,0.9696969696969697,13522.44904870728,1.0,13.882895781590241,3.1944444444444446,23,132,light,edd,
27,1027,2035.3462086218706,70,16734.6981563017,31158.45486536823,0.967479674796748,19357.315906844167,1.0,18.49946045894682,2.8055555555555554,28,123,light,edd,
28,1028,2260.4817136335937,82,5572.442126223695,13716.310224535948,0.940677966101695,8046.774120789003,1.0,7.447971101135411,3.0555555555555554,13,118,light,edd,
29,1029,2064.1111111111113,74,17789.99559109786,37037.58106474593,0.9846153846153847,20370.96978924055,1.0,20.593822180082228,2.8055555555555554,35,130,light,edd,
0,1000,1170.2719770906479,43,1062.3657197327695,7779.573235785094,0.5039370078740157,3089.8380013932274,0.8534706109202416,3.043250133890457,3.5555555555555554,0,127,light,grouped,
1,1001,1087.8055555555557,41,2097.0552094122445,10205.037533071882,0.6544117647058824,4327.237196417594,0.8811188271604938,4.540927922166614,3.7777777777777777,0,136,light,grouped,
2,1002,1200.4166666666667,43,1403.9546980065265,9006.506091394578,0.4701492537313433,3379.113880416554,0.8460756990029501,3.4938368825294606,3.611111111111111,4,134,light,grouped,
3,1003,1302.1787883339466,51,869.8771770892645,8242.701772944158,0.47058823529411764,2900.235202876088,0.8389385523149852,2.663024607579125,3.25,2,119,light,grouped,
4,1004,1352.6468493581572,47,962.9290650503905,5758.609096928427,0.5193798449612403,3180.5584956652638,0.924927704682078,3.202063879824747,3.5277777777777777,7,129,light,grouped,
5,1005,1288.295236859629,47,1630.3655486012465,9314.65486327272,0.6,3824.291120446092,0.8939321030975323,3.741043813223269,3.5555555555555554,1,125,light,grouped,
6,1006,1259.0253105335287,48,1577.0685717207543,15115.235956575387,0.5,3649.13262872062,0.9344715648774837,4.132072307492594,3.9722222222222223,5,146,light,grouped,
7,1007,1379.814026485747,54,992.8276597496775,7699.201557228487,0.4462809917355372,2942.014023834244,0.8736794502148318,2.855030923225891,3.4722222222222223,2,121,light,grouped,
8,1008,1364.0833333333333,50,1490.4751616172439,8147.100882194369,0.6086956521739131,3651.9321490938346,0.9286953931215916,4.001980795635759,3.888888888888889,3,138,light,grouped,
9,1009,1254.995861598563,47,1164.4679017782257,11005.5002524312,0.46153846153846156,3202.7480375565347,0.9001686035304651,3.5672156020459056,3.9444444444444446,4,143,light,grouped,
10,1010,1416.2645853306583,51,1199.6888987572445,8222.635409569306,0.5294117647058824,3327.1460595429135,0.8844099156782693,3.0683679118304124,3.4166666666666665,0,119,light,grouped,
11,1011,1584.6245480909433,58,798.0230955464115,7221.71273805041,0.39655172413793105,2800.7397663686083,0.8976571837942253,2.7371880638255575,3.4722222222222223,2,116,light,grouped,
12,1012,1296.3182674667619,46,640.8649645495107,6391.357454238736,0.39473684210526316,2610.93391713445,0.8130273834414444,2.313933946294271,3.0,9,114,light,grouped,
13,1013,1244.520831915011,45,1211.5310372590175,10012.967882275392,0.48951048951048953,3275.7773312988725,0.8992570398505152,3.651177918777929,3.75,10,143,light,grouped,
14,1014,1308.299125897895,51,1058.175096412746,6958.341940761762,0.4744525547445255,2987.899693545622,0.838887102872872,3.1680480443524264,3.8333333333333335,0,137,light,grouped,
15,1015,1156.1666666666667,44,1642.2811504743215,10396.240764296981,0.5984848484848485,3851.3794578217608,0.8922382700822094,3.947856310208032,3.5277777777777777,9,132,light,grouped,
16,1016,1442.9971298885835,53,1289.7978153339182,7841.895629418577,0.6212121212121212,3571.580128440183,0.9611257920293369,3.7238009323931833,3.75,1,132,light,grouped,
17,1017,1332.7222222222222,52,1226.0522186499666,9505.370512351263,0.504,3192.591879252726,0.8317979639988798,3.173071369163657,3.5833333333333335,0,125,light,grouped,
18,1018,1204.1319932935971,45,944.9558779660157,10941.687761752244,0.4789915966386555,3069.672911398542,0.8530847955509988,2.8460615738701054,3.2222222222222223,5,119,light,grouped,
19,1019,1396.75,53,1448.7188369529945,11544.309746974024,0.5285714285714286,3504.4882173776427,0.9364498683722913,4.095573918544441,4.166666666666667,0,140,light,grouped,
20,1020,1240.582690189012,45,1243.593137680235,9530.892925988315,0.6129032258064516,3543.6418111932676,0.8940544202352472,3.449444541936852,3.5,1,124,light,grouped,
21,1021,1070.1564572148409,38,1438.4981750604313,11354.636465224808,0.5041322314049587,3583.607202348479,0.8407409441690099,3.3609856203984143,3.25,6,121,light,grouped,
22,1022,1367.722222222222,51,1625.244516718702,13614.79717032094,0.556390977443609,3731.874016451772,0.8849738877633152,3.9012053541023057,3.7222222222222223,3,133,light,grouped,
23,1023,1261.05807789427,48,1564.8690391609257,11568.410950352321,0.5304347826086957,3549.938760130336,0.8185564905150255,3.3668436698635045,3.3055555555555554,2,115,light,grouped,
24,1024,1098.611111111111,39,1594.9126613818844,13912.77836069895,0.5203252032520326,3695.2654918431035,0.818341049382716,3.5070806751288695,3.4166666666666665,0,123,light,grouped,
25,1025,1173.6944444444443,42,1817.5145603446892,12169.079037930787,0.7246376811594203,4282.385912593541,0.9747974902243481,4.561619609970555,3.7777777777777777,3,138,light,grouped,
26,1026,1331.083333333333,50,907.7157087999217,5709.536377239157,0.48484848484848486,2846.315524714552,0.8332919239625717,2.908703617931321,3.5833333333333335,5,132,light,grouped,
27,1027,1293.468532057126,47,1582.5153902732293,12540.67277051922,0.5528455284552846,3779.9782274949457,0.8986665531640675,3.6441429278090114,3.3333333333333335,6,123,light,grouped,
28,1028,1729.6206025224828,64,714.0831255564067,6904.612220693154,0.4067796610169492,2622.6854177443306,0.8721474289925355,2.4538111839404886,3.3333333333333335,4,118,light,grouped,
29,1029,1501.436298027923,56,1567.9258555048625,11161.227398804083,0.6153846153846154,3747.0869732853303,0.9350286013040526,3.771031754417891,3.611111111111111,1,130,light,grouped,
0,1000,1495.7109832942203,53,1677.7575920277034,10055.353291459629,0.5748031496062992,3909.442925681627,0.9438703348656784,3.854744189507396,3.5555555555555554,0,127,light,opt,0.0
1,1001,1481.611111111111,55,4385.216288615663,25361.18190445898,0.6838235294117647,6748.039236087187,1.0,7.104895068555947,3.8055555555555554,1,136,light,opt,0.0
2,1002,1525.4893168432254,59,1783.5851259793287,9272.29005836739,0.5746268656716418,3921.408935928678,0.900853513937933,4.0545431899262585,3.5277777777777777,7,134,light,opt,0.0
3,1003,1561.820569937555,60,977.6575670393894,10176.571353278297,0.5042016806722689,3111.6390961042603,0.9116708373283332,2.857137750280919,3.2777777777777777,1,119,light,opt,0.0
4,1004,1558.035738247046,55,1584.4535798570005,11725.66174208901,0.6511627906976745,3928.0767473774927,0.9854301837477698,3.9513683124704064,3.5277777777777777,7,129,light,opt,0.0
5,1005,1525.184125748518,58,3846.577174351848,22871.263428367965,0.632,6147.749922854955,0.9597345722333346,5.995305775423179,3.5555555555555554,1,125,light,opt,0.0
6,1006,1638.9276769745873,62,3401.628562762063,19674.72038426403,0.678082191780822,5730.814588333061,1.0,6.477176984216485,3.9166666666666665,7,146,light,opt,0.0
7,1007,1739.0498785777875,64,1240.5158001871966,9372.845449184271,0.5950413223140496,3453.508503924587,0.9532665696231146,3.308139195532461,3.361111111111111,6,121,light,opt,0.0
8,1008,1620.2777777777776,58,2124.5280515093255,10198.117719039099,0.6811594202898551,4414.373973205884,1.0,4.806415992728668,3.9444444444444446,3,138,light,opt,0.0
9,1009,1547.2777777777776,57,1625.8893660565493,13844.861036864837,0.5734265734265734,3835.288873044209,0.9888599258844777,4.266724394289248,3.888888888888889,6,143,light,opt,0.0
10,1010,1555.0833333333333,57,1159.7758001154689,7667.380319820284,0.4957983193277311,3338.412328280643,0.9367787428387633,3.107836745996201,3.388888888888889,0,119,light,opt,0.0
11,1011,1672.8888888888891,59,766.0913230031567,5861.796905662253,0.47413793103448276,2850.817203869494,0.9512088095766477,2.837708384784448,3.3333333333333335,3,116,light,opt,0.0
12,1012,1514.0671770959545,56,743.2743422404699,5898.300701260392,0.5,2859.827198005884,0.8700993518847052,2.6211079376287634,3.1944444444444446,4,114,light,opt,0.0
13,1013,1572.8541652483452,56,1601.547907467009,12122.94223547075,0.6083916083916084,3789.899387724293,0.9585402050591333,4.218457656963387,3.861111111111111,6,143,light,opt,0.0
14,1014,1524.1046814534504,56,1002.8047312017206,11961.686177676893,0.5328467153284672,3089.5695145750738,0.8878178094434533,3.275523086644362,3.75,3,137,light,opt,0.0
15,1015,1452.4867317395037,54,2832.623013268082,14721.228625559517,0.6515151515151515,5165.892313496432,0.9532539089537361,5.300014120885601,3.5555555555555554,6,132,light,opt,0.0
16,1016,1526.333333333333,57,1602.639671745509,12807.697375252319,0.6666666666666666,3968.867876227321,0.9932187810979295,4.120468777600057,3.6944444444444446,3,132,light,opt,0.0
17,1017,1592.4722222222217,63,1430.368039649673,11962.308466628354,0.512,3505.202758309885,0.9039507417766575,3.425072602822184,3.5833333333333335,0,125,light,opt,0.0
18,1018,1408.1875488491526,51,1080.1277895927055,7567.680618755981,0.5798319327731093,3353.3599562822274,0.9042962153040852,3.1065458203296616,3.25,4,119,light,opt,0.0
19,1019,1590.4697281376987,58,2348.5018028448176,14920.588281937991,0.65,4600.7842048356,0.9999684430012126,5.302592686769874,4.083333333333333,1,140,light,opt,0.0
20,1020,1405.4356767070688,51,1983.997561113056,9759.006471989036,0.6129032258064516,4271.812562923715,0.8941138917989049,4.1461511253826515,3.3333333333333335,7,124,light,opt,0.0
21,1021,1312.1842349926185,45,1502.0348393090894,13333.102305858061,0.628099173553719,3808.1862750811074,0.905386005897405,3.570662069477488,3.2222222222222223,7,121,light,opt,0.0
22,1022,1694.0833333333333,61,2687.075893753186,20785.653188367258,0.6165413533834586,4850.99278647139,0.9657723770831397,5.049683721483544,3.6944444444444446,4,133,light,opt,0.0
23,1023,1561.4599200763341,59,1545.9294168550566,12504.577194497062,0.5217391304347826,3582.6348846373958,0.876160397293994,3.4162113729369,3.2222222222222223,5,115,light,opt,0.0
24,1024,1425.1364489699529,51,2368.412198072604,11533.216154643058,0.6666666666666666,4596.6537712833,0.9083789518743699,4.3625649218198,3.388888888888889,1,123,light,opt,0.0
25,1025,1456.4623753965325,53,6110.402398481635,25957.18481648917,0.7318840579710145,8572.587386121852,1.0,9.183014207885156,3.7222222222222223,8,138,light,opt,0.0
26,1026,1751.0545426322274,63,1291.8900478111573,8700.77975465596,0.6212121212121212,3427.004815835304,0.9449277264317074,3.492000814051305,3.5555555555555554,5,132,light,opt,0.0
27,1027,1598.3333333333335,57,1868.4173897585308,13951.743300137809,0.6260162601626016,4214.584237015777,0.9815883844569389,4.055921841217428,3.3333333333333335,6,123,light,opt,0.0
28,1028,1830.8706025224828,68,692.5090908804038,5735.016999103522,0.4745762711864407,2757.8888282052017,0.9052647129431528,2.589726776097692,3.3055555555555554,4,118,light,opt,0.0
29,1029,1624.8892094380674,60,2010.804649515041,11944.22186394631,0.6,4236.673599309077,0.972947619905636,4.299673679620935,3.6666666666666665,1,130,light,opt,0.0
0,1000,1495.7109832942203,53,1613.1483997472455,10055.353291459629,0.5590551181102362,3802.280512307323,0.9438703348656784,3.7497316393643674,3.5555555555555554,0,127,light,opt,0.3
1,1001,1442.4444444444443,52,3885.122213463864,20172.589276718616,0.6397058823529411,6183.848297767311,0.9893983980593891,6.512842849331383,3.8333333333333335,0,136,light,opt,0.3
2,1002,1403.4813164873976,53,1535.8059710718028,10532.837559240332,0.5074626865671642,3579.747579499392,0.8657818471724253,3.7012822195441255,3.4722222222222223,9,134,light,opt,0.3
3,1003,1576.2650143819997,59,1000.8183604081927,13581.951648343063,0.46218487394957986,3127.9381347539297,0.915073615106111,2.872103688547205,3.25,2,119,light,opt,0.3
4,1004,1545.563516024824,56,1469.6648859430993,12516.66174208901,0.6124031007751938,3762.7938386256037,0.975862282513202,3.7816036887899007,3.5277777777777777,7,129,light,opt,0.3
5,1005,1525.184125748518,58,3840.847695313522,22871.263428367965,0.616,6127.913455552087,0.9597345722333346,5.976173380262233,3.5555555555555554,1,125,light,opt,0.3
6,1006,1626.833333333333,61,3127.345528519478,18534.37098052635,0.636986301369863,5426.036971364316,0.996376152806618,6.133831829297995,3.888888888888889,8,146,light,opt,0.3
7,1007,1739.0498785777875,64,1240.5158001871966,9372.845449184271,0.5950413223140496,3453.508503924587,0.9532665696231146,3.308139195532461,3.361111111111111,6,121,light,opt,0.3
8,1008,1600.25,59,2199.1778657372874,12007.656712279611,0.6811594202898551,4475.613103640667,1.0,4.871624326062,3.9444444444444446,3,138,light,opt,0.3
9,1009,1530.7459863825916,58,1631.3368491438432,13844.861036864837,0.5804195804195804,3859.0191770349784,0.9888599258844777,4.29290829452598,3.9722222222222223,3,143,light,opt,0.3
10,1010,1581.9444444444443,59,1243.5943984656417,8561.380319820284,0.5630252100840336,3416.9655378252937,0.9442401625918495,3.189679585007107,3.388888888888889,0,119,light,opt,0.3
11,1011,1601.6388888888887,55,869.4539229714173,5954.740553815558,0.49137931034482757,2985.597394233563,0.931440291058129,2.958344974925129,3.3333333333333335,3,116,light,opt,0.3
12,1012,1453.3449548737324,55,624.7998268329998,6694.903482808106,0.4649122807017544,2717.28580282587,0.8532320679340879,2.4727886731277993,3.1666666666666665,4,114,light,opt,0.3
13,1013,1540.2430541372341,56,1554.308716102524,12038.94223547075,0.5524475524475524,3696.973970407688,0.9474753902443185,4.115924210387193,3.861111111111111,6,143,light,opt,0.3
14,1014,1521.8824592312283,56,919.7709899399119,11767.686177676893,0.48905109489051096,2985.6500519937736,0.8881037175254313,3.1656699510453024,3.75,3,137,light,opt,0.3
15,1015,1465.2367317395037,54,2136.7933987917186,10764.314474873136,0.6287878787878788,4423.648599424597,0.9498434151265757,4.535213769247959,3.611111111111111,6,132,light,opt,0.3
16,1016,1503.6666666666663,55,1412.949550424777,12016.697375252319,0.6287878787878788,3727.057270166715,0.9867913119621271,3.874180197353142,3.6944444444444446,3,132,light,opt,0.3
17,1017,1502.138888888889,58,1372.970022047753,11884.254142164995,0.512,3364.329096169127,0.8788581491840651,3.2891990860969136,3.5833333333333335,0,125,light,opt,0.3
18,1018,1434.0764377380415,53,1376.6702972983926,11360.873140149808,0.6050420168067226,3671.5879539636057,0.9111403511065543,3.3987459107932723,3.25,4,119,light,opt,0.3
19,1019,1527.3308392488098,56,2351.2039268207614,14920.588281937991,0.6785714285714286,4589.439960401281,0.982429862754299,5.290338101732801,4.083333333333333,1,140,light,opt,0.3
20,1020,1323.2134544848466,48,1687.800593262264,8738.767120877776,0.6048387096774194,3986.1559354457127,0.8941138917989049,3.872837685511723,3.4722222222222223,2,124,light,opt,0.3
21,1021,1218.6009016592852,43,1448.8935913561236,13515.102305858061,0.5785123966942148,3704.665613924082,0.8781483515764174,3.474010834909587,3.2222222222222223,7,121,light,opt,0.3
22,1022,1684.7222222222222,62,2575.620128801844,20785.653188367258,0.5864661654135338,4719.795677312971,0.9640689875440439,4.915044712856463,3.7222222222222223,3,133,light,opt,0.3
23,1023,1513.0432534096674,57,1741.156307975881,12504.577194497062,0.6086956521739131,3865.3518578950893,0.876160397293994,3.6670790575405623,3.1666666666666665,7,115,light,opt,0.3
24,1024,1422.2777777777778,49,2207.5097103076446,12297.482016189519,0.6829268292682927,4502.711395975021,0.9082484567901237,4.273406648957776,3.4166666666666665,0,123,light,opt,0.3
25,1025,1430.0734865076436,51,5386.108430830807,23318.33559379568,0.7463768115942029,7875.476121732543,1.0,8.44803188557459,3.7777777777777777,7,138,light,opt,0.3
26,1026,1734.0545426322274,62,1204.2965362980806,8463.23399092516,0.6060606060606061,3302.3381491686373,0.9402055042094852,3.3650255054093297,3.5555555555555554,5,132,light,opt,0.3
27,1027,1551.888888888889,56,1534.8608773310586,11495.348053769765,0.5609756097560976,3765.709633447858,0.9686871498890376,3.629906592460838,3.3333333333333335,6,123,light,opt,0.3
28,1028,1830.8706025224828,68,692.5090908804038,5735.016999103522,0.4745762711864407,2757.8888282052017,0.9052647129431528,2.589726776097692,3.3055555555555554,4,118,light,opt,0.3
29,1029,1619.5638300983182,60,2007.3276676607802,11906.22186394631,0.6153846153846154,4232.554626449957,0.968819533485883,4.283697858080151,3.6666666666666665,1,130,light,opt,0.3
0,1000,1281.4386437573146,48,1071.7915059602478,6640.888882100931,0.5275590551181102,3169.967491106438,0.8843502405498712,3.121772087544606,3.5555555555555554,0,127,light,opt,1.0
1,1001,1353.111111111111,50,3330.5794599939127,18018.612994946205,0.6617647058823529,5567.171051349014,0.9548148148148149,5.842093078576125,3.7777777777777777,0,136,light,opt,1.0
2,1002,1399.6757609318415,52,1448.0582979985563,10110.837559240332,0.5,3481.357604124208,0.8659053039625488,3.599551843770401,3.5277777777777777,7,134,light,opt,1.0
3,1003,1437.570569937555,56,629.8660438070391,7006.973091768028,0.4117647058823529,2628.3823406547476,0.8771569484394444,2.4134066245209485,3.2777777777777777,1,119,light,opt,1.0
4,1004,1415.285738247046,52,945.5278582596779,5102.167569677287,0.4883720930232558,3089.2331978272036,0.9413300668405343,3.1111613842914925,3.5277777777777777,7,129,light,opt,1.0
5,1005,1351.4896813040734,51,2711.344816586061,18717.801980056276,0.528,4824.927052451489,0.9114861154432112,4.706163346407485,3.5555555555555554,1,125,light,opt,1.0
6,1006,1573.7222222222222,60,2639.7432249798926,18534.37098052635,0.6027397260273972,4919.807577188661,0.996376152806618,5.563542542649493,3.9444444444444446,6,146,light,opt,1.0
7,1007,1444.2306931524136,56,883.7622547186663,6539.948092057646,0.4297520661157025,2879.6137390535455,0.8915729687333503,2.788407200552553,3.4722222222222223,2,121,light,opt,1.0
8,1008,1603.8333333333333,59,1786.4503959289177,10221.792571536265,0.6521739130434783,4015.5940149635467,0.9981365221418859,4.381789185340991,3.9444444444444446,3,138,light,opt,1.0
9,1009,1449.1347504874516,55,1112.6305483741914,10086.861036864837,0.48951048951048953,3181.2398094270047,0.9559324924193539,3.5441702577363188,3.9722222222222223,3,143,light,opt,1.0
10,1010,1475.1944444444448,55,1067.7083070711358,5300.153199160661,0.5126050420168067,3178.147043702467,0.9145873848140719,2.970394085002351,3.388888888888889,0,119,light,opt,1.0
11,1011,1575.7499999999998,57,722.2218678073834,7412.796905662253,0.46551724137931033,2819.983474867081,0.9197096529300275,2.7044321513528335,3.3333333333333335,2,116,light,opt,1.0
12,1012,1410.2743334516053,51,585.9961017863036,6763.903482808106,0.4473684210526316,2651.7227517185784,0.8315576852180385,2.353393914542602,3.0833333333333335,4,114,light,opt,1.0
13,1013,1391.0208319150115,51,1264.6641773682516,8456.94223547075,0.48951048951048953,3363.6841992716772,0.9176906818258239,3.748173922791131,3.888888888888889,5,143,light,opt,1.0
14,1014,1446.7289386471082,53,942.413903371902,7244.686177676893,0.48905109489051096,2958.774551228496,0.8661901372785177,3.137259892365959,3.8055555555555554,1,137,light,opt,1.0
15,1015,1452.861111111111,54,2209.3248994492465,11063.995096174134,0.6590909090909091,4508.990126792411,0.945784773151267,4.617644954529991,3.611111111111111,6,132,light,opt,1.0
16,1016,1504.5555555555552,56,1152.3280582730943,7945.334807685955,0.5378787878787878,3417.9651585531183,0.9791501660691708,3.5673412408415426,3.6944444444444446,3,132,light,opt,1.0
17,1017,1502.138888888889,58,1382.8832052582977,11884.254142164995,0.504,3372.577096169127,0.8788581491840651,3.2971543330104938,3.5833333333333335,0,125,light,opt,1.0
18,1018,1295.4941528724842,49,954.128046055942,8360.548594726588,0.5294117647058824,3164.7122833170947,0.878239116538653,2.9333276638261836,3.2222222222222223,5,119,light,opt,1.0
19,1019,1493.9141725821432,57,1543.7320083938957,9274.08287569465,0.6071428571428571,3694.365107658596,0.9731474553468915,4.29218625463422,4.083333333333333,1,140,light,opt,1.0
20,1020,1307.0277777777778,47,1125.4970019092275,8108.892925988315,0.5806451612903226,3394.723425146591,0.8941138917989049,3.3069609009662675,3.4166666666666665,4,124,light,opt,1.0
21,1021,1179.9897905481741,41,1454.609672383022,13517.102305858061,0.6115702479338843,3744.7190037448577,0.8670063762677753,3.5114063608996626,3.2222222222222223,7,121,light,opt,1.0
22,1022,1511.6666666666665,56,2611.0126206851073,18357.097621802284,0.5789473684210527,4737.781257367826,0.9073174443341675,4.933502136832517,3.6944444444444446,4,133,light,opt,1.0
23,1023,1429.5555555555557,53,1495.8242567443388,11888.577194497062,0.591304347826087,3639.0899948907763,0.8593471256890557,3.43266459576976,3.2222222222222223,5,115,light,opt,1.0
24,1024,1293.1944444444441,45,1403.1624720809386,7968.998627309877,0.5609756097560976,3569.5583612470373,0.8723919753086419,3.3877752965539,3.4166666666666665,0,123,light,opt,1.0
25,1025,1430.0734865076436,51,5388.295165705384,23318.33559379568,0.7608695652173914,7885.736991297759,1.0,8.458957811500516,3.7777777777777777,7,138,light,opt,1.0
26,1026,1561.9434315211163,60,972.9788965023993,6869.215487837588,0.5,2933.6262517106934,0.8930835906292384,2.997631210242205,3.5833333333333335,5,132,light,opt,1.0
27,1027,1558.4871247114627,56,1543.9485975831565,11495.348053769765,0.5609756097560976,3802.441960298617,0.9665420881606426,3.6649344681726896,3.361111111111111,6,123,light,opt,1.0
28,1028,1720.1111111111113,65,535.1432674567652,3937.206551932504,0.4152542372881356,2433.7434357497414,0.8684823055357453,2.2407621571244265,3.3333333333333335,4,118,light,opt,1.0
29,1029,1612.5638300983185,61,1949.885426985991,11944.22186394631,0.6615384615384615,4204.531507968539,0.9668750890414386,4.255588248492305,3.6666666666666665,1,130,light,opt,1.0
0,1000,1241.9386437573146,47,1096.6986362228752,7697.573235785094,0.5433070866141733,3164.950361440173,0.8733780183276489,3.1168556101710285,3.5555555555555554,0,127,light,opt,3.0
1,1001,1283.8055555555557,48,2555.083542508288,18018.612994946205,0.6764705882352942,4859.332711402806,0.9355632716049382,5.099299758879489,3.7777777777777777,0,136,light,opt,3.0
2,1002,1171.3055555555557,43,1158.3485333774718,8167.506091394578,0.44029850746268656,3125.524949052643,0.8453188842094622,3.231638450409368,3.611111111111111,4,134,light,opt,3.0
3,1003,1317.2927921597775,53,836.7851224821482,7626.973091768028,0.453781512605042,2871.842787472132,0.8437464546122838,2.636954411336295,3.2777777777777777,1,119,light,opt,3.0
4,1004,1326.0277777777778,49,830.7406390036463,5648.792255379711,0.4418604651162791,2928.652835832546,0.9170419022129422,2.9569031536023656,3.5277777777777777,7,129,light,opt,3.0
5,1005,1335.323014637407,50,2596.6272870095136,18282.626997303436,0.488,4695.767052451489,0.9069953747024705,4.581587729123534,3.5555555555555554,1,125,light,opt,3.0
6,1006,1556.4166666666667,60,2494.517875318995,16845.37098052635,0.589041095890411,4699.022330123598,0.9915133619391407,5.3148184217274315,3.9444444444444446,6,146,light,opt,3.0
7,1007,1373.452915374636,54,884.7082881162767,6648.948092057646,0.4380165289256198,2844.6957543118465,0.8719124749061898,2.764170501835381,3.4722222222222223,2,121,light,opt,3.0
8,1008,1478.1944444444443,56,1371.4268221317147,10139.213992615769,0.6376811594202898,3588.621111697885,0.9578543437388755,3.931811635445627,3.888888888888889,3,138,light,opt,3.0
9,1009,1290.6219690237501,50,1039.171276710484,7867.426330128641,0.46153846153846156,3069.6169167103026,0.9118892825428108,3.4210061091368704,3.9444444444444446,4,143,light,opt,3.0
10,1010,1458.027777777778,55,1096.8814487519044,8016.126637175068,0.5126050420168067,3211.869908856262,0.9098188662955533,3.005726036802518,3.388888888888889,0,119,light,opt,3.0
11,1011,1551.180103646499,58,757.319982562266,7477.796905662253,0.4396551724137931,2761.073225010798,0.9132513195966941,2.662359705493814,3.361111111111111,1,116,light,opt,3.0
12,1012,1350.996555673828,50,563.0240863930046,6718.903482808106,0.41228070175438597,2566.5608584882734,0.8181857716377916,2.2749020891518,3.1666666666666665,3,114,light,opt,3.0
13,1013,1350.2430541372332,50,1099.3884472636094,9769.472556636625,0.4755244755244755,3188.3119766034115,0.9053604349122436,3.554669078334634,3.888888888888889,5,143,light,opt,3.0
14,1014,1286.7435703423394,51,1023.805970137521,7643.341940761766,0.49635036496350365,2959.251222697485,0.8328994485518844,3.1377637811873433,3.8333333333333335,0,137,light,opt,3.0
15,1015,1236.3055555555557,49,1989.8226530519614,11063.995096174134,0.6060606060606061,4230.781793249394,0.8925854923044316,4.334284614810252,3.6666666666666665,4,132,light,opt,3.0
16,1016,1467.4722222222217,54,1055.3118906663258,6793.203194749862,0.5303030303030303,3286.561036581901,0.9698523265629979,3.43350370920419,3.6944444444444446,3,132,light,opt,3.0
17,1017,1352.5555555555557,53,1178.0356601421774,10202.846485691523,0.448,3104.7771126049875,0.8373072232581392,3.072308669850638,3.5833333333333335,0,125,light,opt,3.0
18,1018,1156.3819932935971,43,1053.7857410200372,9545.06440072482,0.5126050420168067,3161.6029338902313,0.8406388078966778,2.930001949460468,3.2222222222222223,5,119,light,opt,3.0
19,1019,1441.3055555555557,55,1565.1385028663965,10560.29081199778,0.5571428571428572,3665.5326288874626,0.9659483251624147,4.304072465838244,4.111111111111111,0,140,light,opt,3.0
20,1020,1187.25,44,1159.6720772142016,12726.538809450532,0.47580645161290325,3368.1011630860467,0.8782056548031484,3.28148898356266,3.4722222222222223,2,124,light,opt,3.0
21,1021,1162.9897905481741,42,1348.9611415215431,8563.839078426725,0.5289256198347108,3589.7912362018124,0.862369030588763,3.366759293980616,3.2222222222222223,7,121,light,opt,3.0
22,1022,1441.3055555555557,54,2284.076620776613,17080.097621802284,0.6240601503759399,4431.795111685326,0.9017850369267598,4.6194885768342715,3.7222222222222223,3,133,light,opt,3.0
23,1023,1319.2222222222222,50,1506.2449029696184,13121.577194497062,0.5130434782608696,3505.258431195013,0.8191850886520187,3.327196773045895,3.1944444444444446,6,115,light,opt,3.0
24,1024,1203.1944444444443,43,1416.4379732305752,9575.976771845628,0.5284552845528455,3532.6777133875653,0.847391975308642,3.35277282983542,3.4166666666666665,0,123,light,opt,3.0
25,1025,1216.4623753965325,45,2579.9112615541558,14729.409930521782,0.7463768115942029,5105.845938590117,0.9882311321996567,5.441685069750857,3.7777777777777777,3,138,light,opt,3.0
26,1026,1279.2222222222217,50,915.8457725819692,5671.536377239157,0.42424242424242425,2735.5154699990508,0.8191947017403495,2.795851710350718,3.5833333333333335,5,132,light,opt,3.0
27,1027,1510.190754279348,55,1580.8196795088968,11542.678718213643,0.5691056910569106,3860.968223341357,0.9585585284727095,3.7263710874471947,3.3333333333333335,6,123,light,opt,3.0
28,1028,1720.1111111111113,65,548.7323931430193,4719.516444910689,0.4152542372881356,2434.285808631097,0.8684823055357453,2.2412559842849205,3.3333333333333335,4,118,light,opt,3.0
29,1029,1479.4085202501446,58,1618.1710235024543,10711.22186394631,0.5461538461538461,3793.6014103996176,0.9289097741435587,3.817689754609693,3.611111111111111,1,130,light,opt,3.0
0,1000,1229.99419931287,47,976.3936546339771,8069.573235785094,0.5039370078740157,3015.5270030232355,0.8700601170930811,2.9704299425865286,3.5555555555555554,0,127,light,opt,10.0
1,1001,1188.5,46,1791.1226416344925,11033.037533071882,0.6544117647058824,4065.8137765247016,0.9090895061728395,4.266594703760492,3.7777777777777777,0,136,light,opt,10.0
2,1002,1203.5646498207304,45,1222.6261149135612,8633.219434751707,0.4552238805970149,3195.4873930809554,0.8487448101353882,3.303976162599135,3.638888888888889,3,134,light,opt,10.0
3,1003,1281.5427921597775,51,862.5951007537559,8242.701772944158,0.47058823529411764,2892.2810808781724,0.8338158990567283,2.6557210542014094,3.2777777777777777,1,119,light,opt,10.0
4,1004,1326.0277777777778,49,830.7406390036463,5648.792255379711,0.4418604651162791,2928.652835832546,0.9170419022129422,2.9569031536023656,3.5277777777777777,7,129,light,opt,10.0
5,1005,1237.6285701929623,47,1583.9567206775675,13695.226330770107,0.52,3692.19768995982,0.8798580290234582,3.613638884127711,3.5555555555555554,1,125,light,opt,10.0
6,1006,1344.0808660890843,53,1683.0385178456172,11090.235956575387,0.547945205479452,3826.6772974464525,0.9592400833960023,4.33208404849546,4.027777777777778,3,146,light,opt,10.0
7,1007,1374.9251375968581,54,937.7917089687801,6625.948092057646,0.4297520661157025,2874.1750931548218,0.8723214255234738,2.7916936499835288,3.4722222222222223,2,121,light,opt,10.0
8,1008,1382.8055555555557,53,1447.97804351153,8300.133721395992,0.5942028985507246,3595.6362315624015,0.934142923985789,3.9392814390050663,3.888888888888889,3,138,light,opt,10.0
9,1009,1216.7330801348612,47,980.6211256579564,9564.5002524312,0.3916083916083916,2926.175551751336,0.890986504765033,3.2627336153935658,3.9444444444444446,4,143,light,opt,10.0
10,1010,1420.8888888888891,53,1145.5635488986336,8172.635409569306,0.5042016806722689,3276.1731260394545,0.8869870761720966,3.0136624393711613,3.361111111111111,0,119,light,opt,10.0
11,1011,1596.5967703131655,60,743.4327514870737,7373.796905662253,0.3706896551724138,2703.580388234059,0.9028269368806449,2.650224422902659,3.5,1,116,light,opt,10.0
12,1012,1313.7349341334286,47,617.4232991362175,6718.903482808106,0.41228070175438597,2621.7897346046934,0.8181857716377916,2.3234830449949477,3.0277777777777777,8,114,light,opt,10.0
13,1013,1289.548609692789,48,1211.0107470556827,10367.399395081608,0.4965034965034965,3297.656032564722,0.9121814225665646,3.6753187697116987,3.75,10,143,light,opt,10.0
14,1014,1286.7435703423394,51,1023.805970137521,7643.341940761766,0.49635036496350365,2959.251222697485,0.8328994485518844,3.1377637811873433,3.8333333333333335,0,137,light,opt,10.0
15,1015,1137.459929445339,46,1614.8462528947516,10396.240764296981,0.5757575757575758,3826.338407785978,0.8870916651439378,3.922351537023439,3.5555555555555554,8,132,light,opt,10.0
16,1016,1442.4166666666663,54,1088.5129424608392,6793.203194749862,0.5454545454545454,3350.392081314613,0.960719969647339,3.498516810320841,3.7222222222222223,2,132,light,opt,10.0
17,1017,1272.888888888889,50,1102.1442824300955,9422.542520437564,0.424,2957.513254603367,0.8151775936285095,2.930271769771913,3.5833333333333335,0,125,light,opt,10.0
18,1018,1127.5774862058176,43,936.3806899904448,10910.687761752244,0.44537815126050423,3008.159143099361,0.832398067155937,2.7891083452620604,3.2222222222222223,5,119,light,opt,10.0
19,1019,1404.75,54,1444.9778332073479,14114.806851438887,0.5285714285714286,3465.18232222623,0.9386720905945137,4.053113846621619,4.166666666666667,0,140,light,opt,10.0
20,1020,1187.25,44,1159.6720772142016,12726.538809450532,0.47580645161290325,3368.1011630860467,0.8782056548031484,3.28148898356266,3.4722222222222223,2,124,light,opt,10.0
21,1021,1114.4342349926185,41,1491.216090576803,11418.636465224808,0.5289256198347108,3711.808804865581,0.848264092317158,3.480680017810215,3.2222222222222223,7,121,light,opt,10.0
22,1022,1381.333333333333,53,1582.810890238291,13705.79717032094,0.5338345864661654,3638.668151345075,0.8851260863094759,3.805554273398674,3.7222222222222223,3,133,light,opt,10.0
23,1023,1295.75,49,1425.3383981715942,9500.626750732132,0.5565217391304348,3486.413641456352,0.8276495948248581,3.3104749302993977,3.2777777777777777,3,115,light,opt,10.0
24,1024,1131.6944444444443,41,1483.7854746688092,13518.3721308501,0.4878048780487805,3568.330532493509,0.8275308641975309,3.386609996116525,3.4166666666666665,0,123,light,opt,10.0
25,1025,1234.517930952088,44,1646.7461108544546,9644.73790962288,0.6884057971014492,4046.0173244079065,0.9942265025700272,4.3131638602049875,3.7777777777777777,3,138,light,opt,10.0
26,1026,1279.2222222222217,50,915.8457725819692,5671.536377239157,0.42424242424242425,2735.5154699990508,0.8191947017403495,2.795851710350718,3.5833333333333335,5,132,light,opt,10.0
27,1027,1450.329643168237,53,1594.1283501007415,11369.616650120559,0.5772357723577236,3877.3124074621737,0.9419304420529564,3.741882928858156,3.3333333333333335,6,123,light,opt,10.0
28,1028,1716.0555555555557,65,558.5092633139097,4776.516444910689,0.4067796610169492,2439.3374927816367,0.8685054536838936,2.2458555115207517,3.3333333333333335,4,118,light,opt,10.0
29,1029,1438.686298027923,56,1521.5846436879235,13094.632438729343,0.5,3657.1786490522604,0.9175980457484971,3.6808459353569423,3.611111111111111,1,130,light,opt,10.0
0,1000,1229.99419931287,47,976.3936546339771,8069.573235785094,0.5039370078740157,3015.5270030232355,0.8700601170930811,2.9704299425865286,3.5555555555555554,0,127,light,opt,30.0
1,1001,1125.611111111111,44,1922.8009208721521,11033.037533071882,0.6323529411764706,4173.959819021353,0.8916203703703703,4.380081291565621,3.7777777777777777,0,136,light,opt,30.0
2,1002,1203.5646498207304,45,1222.6261149135612,8633.219434751707,0.4552238805970149,3195.4873930809554,0.8487448101353882,3.303976162599135,3.638888888888889,3,134,light,opt,30.0
3,1003,1281.5427921597775,51,862.5951007537559,8242.701772944158,0.47058823529411764,2892.2810808781724,0.8338158990567283,2.6557210542014094,3.2777777777777777,1,119,light,opt,30.0
4,1004,1326.0277777777778,49,830.7406390036463,5648.792255379711,0.4418604651162791,2928.652835832546,0.9170419022129422,2.9569031536023656,3.5277777777777777,7,129,light,opt,30.0
5,1005,1237.6285701929623,47,1583.9567206775675,13695.226330770107,0.52,3692.19768995982,0.8798580290234582,3.613638884127711,3.5555555555555554,1,125,light,opt,30.0
6,1006,1315.6364216446398,53,1510.845806684628,16210.235956575387,0.4931506849315068,3645.334076812659,0.951338848828101,4.127793074633318,4.027777777777778,3,146,light,opt,30.0
7,1007,1374.9251375968581,54,937.7917089687801,6625.948092057646,0.4297520661157025,2874.1750931548218,0.8723214255234738,2.7916936499835288,3.4722222222222223,2,121,light,opt,30.0
8,1008,1382.8055555555557,53,1447.97804351153,8300.133721395992,0.5942028985507246,3595.6362315624015,0.934142923985789,3.9392814390050663,3.888888888888889,3,138,light,opt,30.0
9,1009,1216.7330801348612,47,980.6211256579564,9564.5002524312,0.3916083916083916,2926.175551751336,0.890986504765033,3.2627336153935658,3.9444444444444446,4,143,light,opt,30.0
10,1010,1420.8888888888891,53,1145.5635488986336,8172.635409569306,0.5042016806722689,3276.1731260394545,0.8869870761720966,3.0136624393711613,3.361111111111111,0,119,light,opt,30.0
11,1011,1596.5967703131655,60,743.4327514870737,7373.796905662253,0.3706896551724138,2703.580388234059,0.9028269368806449,2.650224422902659,3.5,1,116,light,opt,30.0
12,1012,1313.7349341334286,47,617.4232991362175,6718.903482808106,0.41228070175438597,2621.7897346046934,0.8181857716377916,2.3234830449949477,3.0277777777777777,8,114,light,opt,30.0
13,1013,1289.548609692789,48,1211.0107470556827,10367.399395081608,0.4965034965034965,3297.656032564722,0.9121814225665646,3.6753187697116987,3.75,10,143,light,opt,30.0
14,1014,1286.7435703423394,51,1023.805970137521,7643.341940761766,0.49635036496350365,2959.251222697485,0.8328994485518844,3.1377637811873433,3.8333333333333335,0,137,light,opt,30.0
15,1015,1137.459929445339,46,1614.8462528947516,10396.240764296981,0.5757575757575758,3826.338407785978,0.8870916651439378,3.922351537023439,3.5555555555555554,8,132,light,opt,30.0
16,1016,1442.4166666666663,54,1088.5129424608392,6793.203194749862,0.5454545454545454,3350.392081314613,0.960719969647339,3.498516810320841,3.7222222222222223,2,132,light,opt,30.0
17,1017,1272.888888888889,50,1102.1442824300955,9422.542520437564,0.424,2957.513254603367,0.8151775936285095,2.930271769771913,3.5833333333333335,0,125,light,opt,30.0
18,1018,1127.5774862058176,43,936.3806899904448,10910.687761752244,0.44537815126050423,3008.159143099361,0.832398067155937,2.7891083452620604,3.2222222222222223,5,119,light,opt,30.0
19,1019,1404.75,54,1444.9778332073479,14114.806851438887,0.5285714285714286,3465.18232222623,0.9386720905945137,4.053113846621619,4.166666666666667,0,140,light,opt,30.0
20,1020,1187.25,44,1159.6720772142016,12726.538809450532,0.47580645161290325,3368.1011630860467,0.8782056548031484,3.28148898356266,3.4722222222222223,2,124,light,opt,30.0
21,1021,1114.4342349926185,41,1491.216090576803,11418.636465224808,0.5289256198347108,3711.808804865581,0.848264092317158,3.480680017810215,3.2222222222222223,7,121,light,opt,30.0
22,1022,1381.333333333333,53,1582.810890238291,13705.79717032094,0.5338345864661654,3638.668151345075,0.8851260863094759,3.805554273398674,3.7222222222222223,3,133,light,opt,30.0
23,1023,1279.5025223387145,50,1559.0245748814582,11588.410950352321,0.5391304347826087,3584.995460550319,0.823679947305149,3.3979510815016063,3.3055555555555554,2,115,light,opt,30.0
24,1024,1131.6944444444443,41,1483.7854746688092,13518.3721308501,0.4878048780487805,3568.330532493509,0.8275308641975309,3.386609996116525,3.4166666666666665,0,123,light,opt,30.0
25,1025,1187.379042063199,43,1911.5621402086394,12551.629946889145,0.7101449275362319,4350.744685310929,0.9804765025700272,4.637642068573944,3.7777777777777777,3,138,light,opt,30.0
26,1026,1279.2222222222217,50,915.8457725819692,5671.536377239157,0.42424242424242425,2735.5154699990508,0.8191947017403495,2.795851710350718,3.5833333333333335,5,132,light,opt,30.0
27,1027,1365.7740876126816,50,1710.509788612619,12599.67277051922,0.5528455284552846,3924.246040953139,0.9184427877319687,3.786426423606525,3.3333333333333335,6,123,light,opt,30.0
28,1028,1716.0555555555557,65,558.5092633139097,4776.516444910689,0.4067796610169492,2439.3374927816367,0.8685054536838936,2.2458555115207517,3.3333333333333335,4,118,light,opt,30.0
29,1029,1438.686298027923,56,1521.5846436879235,13094.632438729343,0.5,3657.1786490522604,0.9175980457484971,3.6808459353569423,3.611111111111111,1,130,light,opt,30.0
0,1000,1229.99419931287,47,976.3936546339771,8069.573235785094,0.5039370078740157,3015.5270030232355,0.8700601170930811,2.9704299425865286,3.5555555555555554,0,127,light,opt,100.0
1,1001,1125.611111111111,44,1922.8009208721521,11033.037533071882,0.6323529411764706,4173.959819021353,0.8916203703703703,4.380081291565621,3.7777777777777777,0,136,light,opt,100.0
2,1002,1203.5646498207304,45,1222.6261149135612,8633.219434751707,0.4552238805970149,3195.4873930809554,0.8487448101353882,3.303976162599135,3.638888888888889,3,134,light,opt,100.0
3,1003,1281.5427921597775,51,862.5951007537559,8242.701772944158,0.47058823529411764,2892.2810808781724,0.8338158990567283,2.6557210542014094,3.2777777777777777,1,119,light,opt,100.0
4,1004,1326.0277777777778,49,830.7406390036463,5648.792255379711,0.4418604651162791,2928.652835832546,0.9170419022129422,2.9569031536023656,3.5277777777777777,7,129,light,opt,100.0
5,1005,1237.6285701929623,47,1583.9567206775675,13695.226330770107,0.52,3692.19768995982,0.8798580290234582,3.613638884127711,3.5555555555555554,1,125,light,opt,100.0
6,1006,1315.6364216446398,53,1510.845806684628,16210.235956575387,0.4931506849315068,3645.334076812659,0.951338848828101,4.127793074633318,4.027777777777778,3,146,light,opt,100.0
7,1007,1374.9251375968581,54,937.7917089687801,6625.948092057646,0.4297520661157025,2874.1750931548218,0.8723214255234738,2.7916936499835288,3.4722222222222223,2,121,light,opt,100.0
8,1008,1382.8055555555557,53,1447.97804351153,8300.133721395992,0.5942028985507246,3595.6362315624015,0.934142923985789,3.9392814390050663,3.888888888888889,3,138,light,opt,100.0
9,1009,1216.7330801348612,47,980.6211256579564,9564.5002524312,0.3916083916083916,2926.175551751336,0.890986504765033,3.2627336153935658,3.9444444444444446,4,143,light,opt,100.0
10,1010,1420.8888888888891,53,1145.5635488986336,8172.635409569306,0.5042016806722689,3276.1731260394545,0.8869870761720966,3.0136624393711613,3.361111111111111,0,119,light,opt,100.0
11,1011,1596.5967703131655,60,743.4327514870737,7373.796905662253,0.3706896551724138,2703.580388234059,0.9028269368806449,2.650224422902659,3.5,1,116,light,opt,100.0
12,1012,1313.7349341334286,47,617.4232991362175,6718.903482808106,0.41228070175438597,2621.7897346046934,0.8181857716377916,2.3234830449949477,3.0277777777777777,8,114,light,opt,100.0
13,1013,1289.548609692789,48,1211.0107470556827,10367.399395081608,0.4965034965034965,3297.656032564722,0.9121814225665646,3.6753187697116987,3.75,10,143,light,opt,100.0
14,1014,1286.7435703423394,51,1023.805970137521,7643.341940761766,0.49635036496350365,2959.251222697485,0.8328994485518844,3.1377637811873433,3.8333333333333335,0,137,light,opt,100.0
15,1015,1137.459929445339,46,1614.8462528947516,10396.240764296981,0.5757575757575758,3826.338407785978,0.8870916651439378,3.922351537023439,3.5555555555555554,8,132,light,opt,100.0
16,1016,1442.4166666666663,54,1088.5129424608392,6793.203194749862,0.5454545454545454,3350.392081314613,0.960719969647339,3.498516810320841,3.7222222222222223,2,132,light,opt,100.0
17,1017,1272.888888888889,50,1102.1442824300955,9422.542520437564,0.424,2957.513254603367,0.8151775936285095,2.930271769771913,3.5833333333333335,0,125,light,opt,100.0
18,1018,1127.5774862058176,43,936.3806899904448,10910.687761752244,0.44537815126050423,3008.159143099361,0.832398067155937,2.7891083452620604,3.2222222222222223,5,119,light,opt,100.0
19,1019,1404.75,54,1444.9778332073479,14114.806851438887,0.5285714285714286,3465.18232222623,0.9386720905945137,4.053113846621619,4.166666666666667,0,140,light,opt,100.0
20,1020,1187.25,44,1159.6720772142016,12726.538809450532,0.47580645161290325,3368.1011630860467,0.8782056548031484,3.28148898356266,3.4722222222222223,2,124,light,opt,100.0
21,1021,1114.4342349926185,41,1491.216090576803,11418.636465224808,0.5289256198347108,3711.808804865581,0.848264092317158,3.480680017810215,3.2222222222222223,7,121,light,opt,100.0
22,1022,1381.333333333333,53,1582.810890238291,13705.79717032094,0.5338345864661654,3638.668151345075,0.8851260863094759,3.805554273398674,3.7222222222222223,3,133,light,opt,100.0
23,1023,1279.5025223387145,50,1559.0245748814582,11588.410950352321,0.5391304347826087,3584.995460550319,0.823679947305149,3.3979510815016063,3.3055555555555554,2,115,light,opt,100.0
24,1024,1131.6944444444443,41,1483.7854746688092,13518.3721308501,0.4878048780487805,3568.330532493509,0.8275308641975309,3.386609996116525,3.4166666666666665,0,123,light,opt,100.0
25,1025,1187.379042063199,43,1911.5621402086394,12551.629946889145,0.7101449275362319,4350.744685310929,0.9804765025700272,4.637642068573944,3.7777777777777777,3,138,light,opt,100.0
26,1026,1279.2222222222217,50,915.8457725819692,5671.536377239157,0.42424242424242425,2735.5154699990508,0.8191947017403495,2.795851710350718,3.5833333333333335,5,132,light,opt,100.0
27,1027,1365.7740876126816,50,1710.509788612619,12599.67277051922,0.5528455284552846,3924.246040953139,0.9184427877319687,3.786426423606525,3.3333333333333335,6,123,light,opt,100.0
28,1028,1716.0555555555557,65,558.5092633139097,4776.516444910689,0.4067796610169492,2439.3374927816367,0.8685054536838936,2.2458555115207517,3.3333333333333335,4,118,light,opt,100.0
29,1029,1438.686298027923,56,1521.5846436879235,13094.632438729343,0.5,3657.1786490522604,0.9175980457484971,3.6808459353569423,3.611111111111111,1,130,light,opt,100.0
0,1000,1229.99419931287,47,976.3936546339771,8069.573235785094,0.5039370078740157,3015.5270030232355,0.8700601170930811,2.9704299425865286,3.5555555555555554,0,127,light,opt,300.0
1,1001,1125.611111111111,44,1922.8009208721521,11033.037533071882,0.6323529411764706,4173.959819021353,0.8916203703703703,4.380081291565621,3.7777777777777777,0,136,light,opt,300.0
2,1002,1203.5646498207304,45,1222.6261149135612,8633.219434751707,0.4552238805970149,3195.4873930809554,0.8487448101353882,3.303976162599135,3.638888888888889,3,134,light,opt,300.0
3,1003,1281.5427921597775,51,862.5951007537559,8242.701772944158,0.47058823529411764,2892.2810808781724,0.8338158990567283,2.6557210542014094,3.2777777777777777,1,119,light,opt,300.0
4,1004,1326.0277777777778,49,830.7406390036463,5648.792255379711,0.4418604651162791,2928.652835832546,0.9170419022129422,2.9569031536023656,3.5277777777777777,7,129,light,opt,300.0
5,1005,1237.6285701929623,47,1583.9567206775675,13695.226330770107,0.52,3692.19768995982,0.8798580290234582,3.613638884127711,3.5555555555555554,1,125,light,opt,300.0
6,1006,1315.6364216446398,53,1510.845806684628,16210.235956575387,0.4931506849315068,3645.334076812659,0.951338848828101,4.127793074633318,4.027777777777778,3,146,light,opt,300.0
7,1007,1374.9251375968581,54,937.7917089687801,6625.948092057646,0.4297520661157025,2874.1750931548218,0.8723214255234738,2.7916936499835288,3.4722222222222223,2,121,light,opt,300.0
8,1008,1382.8055555555557,53,1447.97804351153,8300.133721395992,0.5942028985507246,3595.6362315624015,0.934142923985789,3.9392814390050663,3.888888888888889,3,138,light,opt,300.0
9,1009,1216.7330801348612,47,980.6211256579564,9564.5002524312,0.3916083916083916,2926.175551751336,0.890986504765033,3.2627336153935658,3.9444444444444446,4,143,light,opt,300.0
10,1010,1420.8888888888891,53,1145.5635488986336,8172.635409569306,0.5042016806722689,3276.1731260394545,0.8869870761720966,3.0136624393711613,3.361111111111111,0,119,light,opt,300.0
11,1011,1596.5967703131655,60,743.4327514870737,7373.796905662253,0.3706896551724138,2703.580388234059,0.9028269368806449,2.650224422902659,3.5,1,116,light,opt,300.0
12,1012,1313.7349341334286,47,617.4232991362175,6718.903482808106,0.41228070175438597,2621.7897346046934,0.8181857716377916,2.3234830449949477,3.0277777777777777,8,114,light,opt,300.0
13,1013,1289.548609692789,48,1211.0107470556827,10367.399395081608,0.4965034965034965,3297.656032564722,0.9121814225665646,3.6753187697116987,3.75,10,143,light,opt,300.0
14,1014,1286.7435703423394,51,1023.805970137521,7643.341940761766,0.49635036496350365,2959.251222697485,0.8328994485518844,3.1377637811873433,3.8333333333333335,0,137,light,opt,300.0
15,1015,1137.459929445339,46,1614.8462528947516,10396.240764296981,0.5757575757575758,3826.338407785978,0.8870916651439378,3.922351537023439,3.5555555555555554,8,132,light,opt,300.0
16,1016,1442.4166666666663,54,1088.5129424608392,6793.203194749862,0.5454545454545454,3350.392081314613,0.960719969647339,3.498516810320841,3.7222222222222223,2,132,light,opt,300.0
17,1017,1272.888888888889,50,1102.1442824300955,9422.542520437564,0.424,2957.513254603367,0.8151775936285095,2.930271769771913,3.5833333333333335,0,125,light,opt,300.0
18,1018,1127.5774862058176,43,936.3806899904448,10910.687761752244,0.44537815126050423,3008.159143099361,0.832398067155937,2.7891083452620604,3.2222222222222223,5,119,light,opt,300.0
19,1019,1404.75,54,1444.9778332073479,14114.806851438887,0.5285714285714286,3465.18232222623,0.9386720905945137,4.053113846621619,4.166666666666667,0,140,light,opt,300.0
20,1020,1187.25,44,1159.6720772142016,12726.538809450532,0.47580645161290325,3368.1011630860467,0.8782056548031484,3.28148898356266,3.4722222222222223,2,124,light,opt,300.0
21,1021,1114.4342349926185,41,1491.216090576803,11418.636465224808,0.5289256198347108,3711.808804865581,0.848264092317158,3.480680017810215,3.2222222222222223,7,121,light,opt,300.0
22,1022,1381.333333333333,53,1582.810890238291,13705.79717032094,0.5338345864661654,3638.668151345075,0.8851260863094759,3.805554273398674,3.7222222222222223,3,133,light,opt,300.0
23,1023,1279.5025223387145,50,1559.0245748814582,11588.410950352321,0.5391304347826087,3584.995460550319,0.823679947305149,3.3979510815016063,3.3055555555555554,2,115,light,opt,300.0
24,1024,1131.6944444444443,41,1483.7854746688092,13518.3721308501,0.4878048780487805,3568.330532493509,0.8275308641975309,3.386609996116525,3.4166666666666665,0,123,light,opt,300.0
25,1025,1187.379042063199,43,1911.5621402086394,12551.629946889145,0.7101449275362319,4350.744685310929,0.9804765025700272,4.637642068573944,3.7777777777777777,3,138,light,opt,300.0
26,1026,1279.2222222222217,50,915.8457725819692,5671.536377239157,0.42424242424242425,2735.5154699990508,0.8191947017403495,2.795851710350718,3.5833333333333335,5,132,light,opt,300.0
27,1027,1365.7740876126816,50,1710.509788612619,12599.67277051922,0.5528455284552846,3924.246040953139,0.9184427877319687,3.786426423606525,3.3333333333333335,6,123,light,opt,300.0
28,1028,1716.0555555555557,65,558.5092633139097,4776.516444910689,0.4067796610169492,2439.3374927816367,0.8685054536838936,2.2458555115207517,3.3333333333333335,4,118,light,opt,300.0
29,1029,1438.686298027923,56,1521.5846436879235,13094.632438729343,0.5,3657.1786490522604,0.9175980457484971,3.6808459353569423,3.611111111111111,1,130,light,opt,300.0
0,1000,2066.9575709070145,76,26250.43091032078,49163.87696675517,0.9719101123595506,28797.998982934318,1.0,39.624744820614964,3.0277777777777777,73,178,medium,fcfs,
1,1001,1977.8705945155484,70,31792.50441534311,62399.07377958414,0.9791666666666666,34383.126789423375,1.0,51.46007284259264,3.0555555555555554,94,192,medium,fcfs,
2,1002,2036.882985032052,72,30931.015023363187,53780.41596439913,0.9783783783783784,33489.31496971727,1.0,48.211158518589755,3.138888888888889,82,185,medium,fcfs,
3,1003,2086.62045191139,72,24258.118965871006,55270.40850258373,0.9235294117647059,26796.865714488304,0.9825221018956122,35.15080786728296,2.5555555555555554,79,170,medium,fcfs,
4,1004,1873.8093180137673,66,26869.407362277176,53832.053458350696,0.9781420765027322,29508.832529074196,1.0,41.934128073577334,3.0277777777777777,84,183,medium,fcfs,
5,1005,1975.6552252552137,69,33588.65449431799,67756.92197295911,0.9941176470588236,36224.47517511929,1.0,47.75098959193786,2.8333333333333335,74,170,medium,fcfs,
6,1006,2147.4243995769057,76,33448.173344474126,62514.0300989509,0.9794871794871794,36038.96956032755,1.0,54.60037818639851,2.9444444444444446,96,195,medium,fcfs,
7,1007,1948.1728881036688,68,29648.726317977813,49439.006083608896,0.9884393063583815,32259.41798406359,1.0,43.35744999590386,2.9444444444444446,75,173,medium,fcfs,
8,1008,2152.694329971302,76,30951.380881462454,62751.16621279901,0.9837837837837838,33519.22055864615,1.0,48.292167042290934,2.9444444444444446,90,185,medium,fcfs,
9,1009,1952.8337141864347,71,28058.480704264934,58452.42529671764,0.9680851063829787,30643.818076476276,1.0,44.665547235910054,3.0833333333333335,86,188,medium,fcfs,
10,1010,2067.055555555555,70,30038.436067619547,57642.02271690784,0.9939393939393939,32646.072296986298,1.0,43.02432810239068,3.0555555555555554,72,165,medium,fcfs,
11,1011,2152.8611111111113,77,27576.28734846289,47599.661441721386,0.9941520467836257,30137.544265560246,1.0,40.82873500387481,3.2222222222222223,70,171,medium,fcfs,
12,1012,2102.26925791904,71,26438.180616942664,47251.573214371616,0.9595375722543352,28999.529405404828,1.0,39.46400092581707,2.8055555555555554,82,173,medium,fcfs,
13,1013,1988.9726982719903,69,25191.486156976505,52805.40437435794,0.9846938775510204,27741.384336123967,1.0,41.97396872699145,3.111111111111111,85,196,medium,fcfs,
14,1014,2211.481002143433,80,28500.124014128203,56733.26363953497,0.9637305699481865,31032.24000523179,1.0,46.24949645543147,3.0277777777777777,89,193,medium,fcfs,
15,1015,2076.222222222222,73,30309.53151239841,55503.65984622043,0.9890710382513661,32897.8902065089,1.0,46.76653252319048,2.9722222222222223,86,183,medium,fcfs,
16,1016,1996.9722222222222,71,31347.249901316616,57451.85468540089,0.9834254143646409,33945.21219303832,1.0,48.768547011518805,3.138888888888889,86,181,medium,fcfs,
17,1017,2032.3439137182593,74,26428.12067852054,53910.29674504591,0.9653179190751445,28980.951848642486,1.0,39.14233872753751,3.1666666666666665,71,173,medium,fcfs,
18,1018,2140.555555555556,79,26362.88697113515,46098.35096940999,0.9940828402366864,28902.436924206308,1.0,37.97730307292238,3.0277777777777777,67,169,medium,fcfs,
19,1019,2022.1835194232622,73,32805.054941204064,63443.083816698316,0.9896373056994818,35386.989163709455,1.0,53.30415572752728,2.9722222222222223,97,193,medium,fcfs,
20,1020,2026.5845471264765,71,21761.72040271775,45882.31741927979,0.9884393063583815,24344.31059734871,1.0,32.669845307284675,3.0555555555555554,68,173,medium,fcfs,
21,1021,2103.2226982863453,74,23239.732683590883,38882.61654701448,0.9748427672955975,25760.868399503826,1.0,31.877161869991962,3.3055555555555554,46,159,medium,fcfs,
22,1022,2094.8276908967327,73,27227.255009375738,56831.551655970776,0.9789473684210527,29806.71503243995,1.0,43.95377842834141,3.0,91,190,medium,fcfs,
23,1023,2059.111111111111,70,28655.1680495601,52182.43985029598,0.976878612716763,31233.981530759138,1.0,42.168457926982036,2.861111111111111,79,173,medium,fcfs,
24,1024,2115.3611111111113,75,17219.015604323617,35252.73706712866,0.9743589743589743,19710.64058747616,1.0,24.25868318680521,3.5833333333333335,37,156,medium,fcfs,
25,1025,1998.138888888889,71,37915.84194293089,67840.5425353443,0.9827586206896551,40528.401111685474,1.0,55.362619762810354,3.0,83,174,medium,fcfs,
26,1026,1983.9722222222226,70,36465.04438779239,68705.50756975987,0.9786096256684492,39094.002836428685,1.0,56.945484878749305,2.7222222222222223,103,187,medium,fcfs,
27,1027,1843.5277777777778,70,25181.66431890324,40413.26369532793,0.9651162790697675,27728.700806389454,1.0,37.63537187555428,3.4444444444444446,61,172,medium,fcfs,
28,1028,1973.3396790090037,68,24923.370628947967,48915.68042373625,0.9775280898876404,27547.793460771405,1.0,38.49945597751096,3.0833333333333335,79,178,medium,fcfs,
29,1029,2160.8888888888887,81,26000.8929244343,49061.062814156874,0.9786096256684492,28501.636208616525,1.0,41.358715340887,3.2222222222222223,78,187,medium,fcfs,
0,1000,2004.709095759652,73,25340.052467830537,45926.65330765689,0.9719101123595506,27887.62054044408,1.0,38.413607762256454,3.1666666666666665,68,178,medium,edd,
1,1001,1953.2594834044373,69,30409.28223514811,61769.424127023245,0.9791666666666666,32999.904609228375,1.0,49.38965354164697,3.0277777777777777,93,192,medium,edd,
2,1002,2059.228126079059,72,32003.371780119942,54690.55764891273,0.9783783783783784,34561.67172647402,1.0,49.723882284021855,3.138888888888889,82,185,medium,edd,
3,1003,1996.5648963558342,69,23351.489232407086,49872.508690450384,0.9058823529411765,25873.15384617736,0.9803421008395836,33.93855056983141,2.6944444444444446,73,170,medium,edd,
4,1004,1955.861111111111,65,27926.611768536666,54220.631266702956,0.9781420765027322,30566.036935333686,1.0,43.629894052720786,2.9722222222222223,87,183,medium,edd,
5,1005,1938.111111111111,71,31434.098443405477,63747.34773668027,0.9941176470588236,34069.91912420678,1.0,44.848613507478454,2.9722222222222223,68,170,medium,edd,
6,1006,2084.146621799128,75,33449.52861824217,61983.897331172964,0.9794871794871794,36040.32483409558,1.0,54.627357791101716,3.0,95,195,medium,edd,
7,1007,1907.111111111111,66,26893.802666105803,44656.118829150466,0.9884393063583815,29504.49433219158,1.0,39.62705209619612,3.138888888888889,67,173,medium,edd,
8,1008,2071.8612255842536,73,30896.50527261434,58979.91524751269,0.9837837837837838,33464.34494979803,1.0,48.25540781482977,2.9722222222222223,87,185,medium,edd,
9,1009,1946.0277777777778,70,26099.438369861393,55759.473148665726,0.9680851063829787,28684.77574207274,1.0,41.68962130998414,3.0833333333333335,83,188,medium,edd,
10,1010,2040.138888888889,70,27627.057809556874,55833.09345495449,0.9939393939393939,30234.694038923615,1.0,39.5017532081764,3.0833333333333335,70,165,medium,edd,
11,1011,2121.118542423379,76,25702.925929856312,43625.39391447975,0.9941520467836257,28264.182846953667,1.0,38.333777171664295,3.2777777777777777,67,171,medium,edd,
12,1012,2085.6859245857067,70,25733.737764747126,44202.37380359824,0.9595375722543352,28295.086553209294,1.0,38.45655792095727,2.861111111111111,80,173,medium,edd,
13,1013,2055.2504760497686,73,28582.60825620525,54702.389336836844,0.9846938775510204,31132.5064353527,1.0,47.129130499556396,3.0555555555555554,89,196,medium,edd,
14,1014,2083.869891032322,79,23398.2911583901,46146.1768968549,0.9637305699481865,25930.40714949369,1.0,38.651859563784434,3.4444444444444446,74,193,medium,edd,
15,1015,2167.5436311509834,73,34781.88126622329,58081.893096845364,0.9890710382513661,37370.23996033377,1.0,53.33120186264125,2.8333333333333335,93,183,medium,edd,
16,1016,2041.9722222222222,71,30696.565607733377,59192.85468540089,0.9834254143646409,33294.527899455075,1.0,47.680522320160776,3.138888888888889,84,181,medium,edd,
17,1017,2015.3888888888894,71,24555.98690579469,52748.95283048539,0.9653179190751445,27108.81807591664,1.0,36.729447047076754,3.2222222222222223,68,173,medium,edd,
18,1018,2158.1666666666665,79,25837.60924312204,47928.83256331684,0.9940828402366864,28377.15919619319,1.0,37.26768936895467,2.9166666666666665,71,169,medium,edd,
19,1019,2022.9722222222222,72,31750.368965552443,62871.69051593574,0.9896373056994818,34332.30318805784,1.0,51.59030541888529,2.9722222222222223,96,193,medium,edd,
20,1020,2048.777777777778,70,25980.516285915306,49495.79460883107,0.9942196531791907,28564.77779511627,1.0,38.500801760243384,3.0277777777777777,72,173,medium,edd,
21,1021,2115.416666666666,76,21678.229538936794,38882.61654701448,0.9748427672955975,24199.365254849738,1.0,29.887092425547518,3.3055555555555554,46,159,medium,edd,
22,1022,2081.1111111111113,74,26575.277131100567,55864.29362062807,0.9789473684210527,29154.737154164784,1.0,43.02607781105746,3.0,90,190,medium,edd,
23,1023,2138.837476899823,72,28558.610549530153,52639.9717699249,0.976878612716763,31137.424030729188,1.0,41.882573693389645,2.75,82,173,medium,edd,
24,1024,2159.8611111111113,76,17514.589817085787,37107.72781447171,0.9743589743589743,20006.214800238322,1.0,24.587738566364607,3.5,40,156,medium,edd,
25,1025,1964.3055555555557,72,38989.89366706883,67202.3299197643,0.9827586206896551,41602.4528358234,1.0,57.33443732619719,3.0555555555555554,83,174,medium,edd,
26,1026,1962.2500000000005,69,35908.29572469079,69268.56139160125,0.9786096256684492,38537.254173327085,1.0,56.380501242355045,2.6944444444444446,103,187,medium,edd,
27,1027,1921.156717152034,71,24452.41180303052,43972.39689764373,0.9651162790697675,26999.448290516742,1.0,36.5821250320926,3.3055555555555554,65,172,medium,edd,
28,1028,2067.722222222222,70,27455.936591486672,52842.56777368237,0.9775280898876404,30080.359423310118,1.0,41.81336954402747,2.6944444444444446,91,178,medium,edd,
29,1029,2132.6111111111113,80,23288.573823854735,46898.09969424877,0.9786096256684492,25789.31710803696,1.0,37.249613281256295,3.3055555555555554,70,187,medium,edd,
0,1000,964.1233814752292,38,3104.726588284419,22648.363885708997,0.6966292134831461,5383.402609713018,0.9626000708368497,7.518609369740025,4.916666666666667,5,178,medium,grouped,
1,1001,766.5277777777782,30,4431.149872501589,27268.163801675684,0.7447916666666666,6787.587155659424,0.987267275608466,10.26732856714481,5.083333333333333,15,192,medium,grouped,
2,1002,959.6934947232385,35,3578.098875625183,15289.784350787857,0.8054054054054054,5970.841192777339,0.9879842073394327,8.9149486530149,5.027777777777778,10,185,medium,grouped,
3,1003,1041.5,39,2872.9415709702157,17129.90351337767,0.6176470588235294,5101.36305993943,0.9619675800765926,6.691602779241537,4.5,8,170,medium,grouped,
4,1004,703.3611111111111,26,4545.2757467822175,17789.7347417978,0.825136612021858,7015.569848949418,1.0,10.025594839332205,5.138888888888889,6,183,medium,grouped,
5,1005,868.0833333333334,32,4267.4928410775265,23007.042122011495,0.7470588235294118,6681.637356765883,0.9670092432967161,8.84027843603694,4.722222222222222,4,170,medium,grouped,
6,1006,737.7577329102392,25,4501.153548007488,29931.153763948998,0.7743589743589744,6907.598950839572,0.9998613173839865,10.464733531808088,5.138888888888889,16,195,medium,grouped,
7,1007,899.7777777777778,33,4068.001731264432,27669.393350600134,0.7283236994219653,6437.291403584869,0.9736556792304625,8.624925100011742,4.944444444444445,0,173,medium,grouped,
8,1008,954.1111111111111,36,3632.296148012819,18918.40843038005,0.7027027027027027,5870.63573112875,0.9820569406143216,8.574812061937374,5.166666666666667,7,185,medium,grouped,
9,1009,817.0003808531012,30,4868.042693109669,32053.996758681,0.7659574468085106,7259.696670831093,0.997387682597749,10.562577172358559,5.0,10,188,medium,grouped,
10,1010,1133.3055555555557,42,2326.6027094651763,12279.86748020121,0.7090909090909091,4622.572161099807,0.9646823337914175,6.0541529692071565,4.638888888888889,11,165,medium,grouped,
11,1011,1179.2436684498243,44,2126.671878969656,13762.440881815171,0.5789473684210527,4292.406293717224,0.9600733374764817,5.921961928231067,5.0,3,171,medium,grouped,
12,1012,989.75,38,2230.9065402817528,10713.259266667083,0.6647398843930635,4493.338190879074,0.9459247578122748,6.4022279829309285,4.416666666666667,23,173,medium,grouped,
13,1013,973.9996352379353,35,3345.041381333732,18259.859615050533,0.7448979591836735,5659.202938835025,0.9760764806425762,8.57617100987833,5.222222222222222,9,196,medium,grouped,
14,1014,987.7222222222221,37,3001.8791400469872,13097.077801568208,0.6994818652849741,5251.367937328099,0.9516957310782752,7.856685428383532,5.305555555555555,7,193,medium,grouped,
15,1015,975.8333333333337,36,2884.8502531395143,14534.21839110352,0.7540983606557377,5227.774777215123,0.9835300669776118,7.453413194458726,5.194444444444445,4,183,medium,grouped,
16,1016,894.2380952976852,33,3249.2882942482725,18803.350738420202,0.7071823204419889,5602.998737455719,0.995914137654449,8.068362434371156,5.111111111111111,4,181,medium,grouped,
17,1017,1196.1388888888885,47,1858.0100154831362,11229.10825197053,0.6127167630057804,4026.369371878698,0.9503392448607226,5.588526947503399,4.694444444444445,14,173,medium,grouped,
18,1018,1128.337937835487,44,1883.0251908423318,9888.981540160952,0.6449704142011834,4071.3829832260412,0.9263842574894402,5.570627794946597,4.5,14,169,medium,grouped,
19,1019,787.9459234546092,31,4632.680332172182,21625.57192721848,0.7305699481865285,6951.936738222776,0.9792519540460334,10.352807025285466,5.277777777777778,3,193,medium,grouped,
20,1020,912.9722222222222,34,4158.2651302613185,27100.23294691994,0.7052023121387283,6471.092331507639,0.9366874373176104,8.734908550440078,4.638888888888889,10,173,medium,grouped,
21,1021,1178.4166666666667,45,1688.5604751110081,9684.384247337613,0.6037735849056604,3818.803863574748,0.9026540153408149,4.787367923314958,4.277777777777778,9,159,medium,grouped,
22,1022,913.1944444444445,33,4371.010983214675,28213.485346615358,0.7368421052631579,6718.843734256413,1.0,9.90086357169654,5.083333333333333,10,190,medium,grouped,
23,1023,1103.3055555555557,40,2612.2143844839743,18929.041104670425,0.6647398843930635,4899.602368037979,0.987653450106242,6.657311359460749,4.833333333333333,8,173,medium,grouped,
24,1024,1402.8888888888885,52,1218.9176830032482,8733.449566203766,0.5128205128205128,3169.097061260913,0.9002498966205206,4.125534483392293,4.444444444444445,4,156,medium,grouped,
25,1025,932.0833333333329,32,3531.1886336063394,21873.325270847803,0.7873563218390804,5935.27130866823,1.0,8.25364531302479,4.888888888888889,6,174,medium,grouped,
26,1026,674.3143955111404,24,4792.012643009021,26119.1867171107,0.7754010695187166,7230.238936514893,1.0,10.453325612397263,4.916666666666667,11,187,medium,grouped,
27,1027,1024.4722222222224,40,2453.3821641646487,12140.597896320382,0.6627906976744186,4661.1896193003695,0.9781853276886,6.836765726561765,4.833333333333333,7,172,medium,grouped,
28,1028,925.9166666666666,33,3878.1064656928856,19375.720516908783,0.7921348314606742,6325.314356115519,0.9927733075951417,8.823176473343532,4.833333333333333,14,178,medium,grouped,
29,1029,1200.383083998685,44,2824.23241999689,13798.158713035795,0.7058823529411765,5076.538913791522,0.9709712815835863,7.337964119991298,5.111111111111111,6,187,medium,grouped,
0,1000,1609.6111111111109,63,6809.675546783891,34586.336902471056,0.5561797752808989,8940.195357706316,1.0,12.359127187199963,4.5,20,178,medium,opt,0.0
1,1001,1706.9627388177846,67,9775.832698582055,61769.424127023245,0.6510416666666666,12007.391505861633,1.0,18.034608160036964,4.583333333333333,33,192,medium,opt,0.0
2,1002,1526.744096143163,56,6510.171032555088,36917.923959335676,0.6216216216216216,8722.535632374242,1.0,12.567760931760487,4.75,20,185,medium,opt,0.0
3,1003,1630.1073821791297,65,7428.902938907828,42725.010858336434,0.611764705882353,9702.135064611726,0.9720900135682766,12.726566056975258,4.055555555555555,24,170,medium,opt,0.0
4,1004,1508.8851264306775,55,9200.404222327572,46194.56870502775,0.6775956284153005,11573.83849697979,1.0,16.49801518290759,4.305555555555555,33,183,medium,opt,0.0
5,1005,1466.2629657984953,58,8097.903956670117,42443.469077122136,0.711764705882353,10449.184727852507,0.998409557558319,13.786034346436544,4.416666666666667,15,170,medium,opt,0.0
6,1006,1632.603378200872,65,10183.48059760512,51396.64343626659,0.6410256410256411,12442.808217970733,1.0,18.77332557429117,4.638888888888889,33,195,medium,opt,0.0
7,1007,1500.2777777777778,56,8111.830491064068,36223.61800488585,0.6820809248554913,10431.046201142986,1.0,14.06563772351346,4.416666666666667,20,173,medium,opt,0.0
8,1008,1629.3890033620312,60,8319.469778821756,49166.021215350775,0.654054054054054,10571.25446128499,1.0,15.456042438764829,4.638888888888889,24,185,medium,opt,0.0
9,1009,1537.1944444444443,59,9132.791706302889,48194.385233750436,0.6063829787234043,11367.003011581874,1.0,16.555444500845113,4.472222222222222,30,188,medium,opt,0.0
10,1010,1532.0,56,4673.703428355199,28364.90781216661,0.696969696969697,6955.9876616535175,1.0,9.070972377636068,4.388888888888889,14,165,medium,opt,0.0
11,1011,1579.2296535344897,61,4401.04085348746,26275.494558985432,0.6491228070175439,6581.88668385821,1.0,9.029548477791824,4.527777777777778,16,171,medium,opt,0.0
12,1012,1655.1944444444443,61,5418.4162275308345,37652.76194901709,0.7109826589595376,7726.393666964776,1.0,10.549135473615,4.305555555555555,25,173,medium,opt,0.0
13,1013,1726.111111111111,67,7193.226531932107,52465.41906385936,0.5969387755102041,9387.087529833085,1.0,14.214021162930948,4.833333333333333,23,196,medium,opt,0.0
14,1014,1679.138888888889,65,6467.996068083016,42096.26503391123,0.6321243523316062,8669.314901523845,1.0,12.946683608088607,4.833333333333333,24,193,medium,opt,0.0
15,1015,1641.2380755954282,62,8327.107939858004,40292.43663930718,0.6885245901639344,10590.452804598674,1.0,15.028870180600801,4.527777777777778,23,183,medium,opt,0.0
16,1016,1666.7777777777778,64,9355.90122626719,47701.44294758701,0.6464088397790055,11634.531057194577,1.0,16.795396659645846,4.583333333333333,27,181,medium,opt,0.0
17,1017,1653.371691496037,64,6873.257176695487,40842.501126101095,0.6358381502890174,9101.410991600316,1.0,12.432909370339477,4.555555555555555,17,173,medium,opt,0.0
18,1018,1774.9444444444443,70,5930.600094574769,36457.22475061352,0.6331360946745562,8160.821151639737,1.0,10.882140529992231,4.444444444444445,16,169,medium,opt,0.0
19,1019,1700.0833333333333,68,10236.374393651718,61738.402055312385,0.6373056994818653,12488.594494026533,1.0,18.763187994938807,4.555555555555555,33,193,medium,opt,0.0
20,1020,1671.0609975756206,63,6369.249005767439,40049.04111762495,0.630057803468208,8549.889961034369,0.9796542894500181,11.559198933192217,4.388888888888889,20,173,medium,opt,0.0
21,1021,1651.7777777777778,63,2769.977528801136,16869.898765980404,0.6226415094339622,5031.413268166801,1.0,6.2862407047072795,4.305555555555555,9,159,medium,opt,0.0
22,1022,1590.7278646588227,62,7007.7682526961335,42601.57808187533,0.6105263157894737,9189.961906574057,0.9931471325710757,13.585870199750444,4.638888888888889,28,190,medium,opt,0.0
23,1023,1557.273634211288,59,6469.452795387824,38975.15281568722,0.6705202312138728,8786.359551619242,1.0,11.867098366297043,4.5,16,173,medium,opt,0.0
24,1024,1666.866720482716,60,3282.535347044538,25585.54022871387,0.5705128205128205,5355.846422874859,0.9592696209393913,6.551235875458462,4.388888888888889,6,156,medium,opt,0.0
25,1025,1641.4722222222222,63,13312.0909783469,60629.89711197339,0.6839080459770115,15659.510409405284,1.0,21.374705790267424,4.333333333333333,29,174,medium,opt,0.0
26,1026,1496.4966465748896,55,12254.878649595308,60982.1544228213,0.6844919786096256,14608.759784924523,1.0,21.2083157223069,4.361111111111111,33,187,medium,opt,0.0
27,1027,1584.7222222222222,58,7327.286574484226,35009.87756486694,0.6918604651162791,9600.535753691884,1.0,13.186952852182078,4.444444444444445,23,172,medium,opt,0.0
28,1028,1757.1325432132185,66,8982.032487464126,52800.65256068019,0.6853932584269663,11353.488516981599,1.0,15.84090310374558,4.111111111111111,34,178,medium,opt,0.0
29,1029,1724.383083998685,67,4693.367122723897,30142.51450251779,0.6417112299465241,6867.188360814988,1.0,9.925478506916326,4.75,17,187,medium,opt,0.0
0,1000,1609.6111111111109,63,6809.675546783891,34586.336902471056,0.5561797752808989,8940.195357706316,1.0,12.359127187199963,4.5,20,178,medium,opt,0.3
1,1001,1706.9627388177846,67,9775.832698582055,61769.424127023245,0.6510416666666666,12007.391505861633,1.0,18.034608160036964,4.583333333333333,33,192,medium,opt,0.3
2,1002,1526.744096143163,56,6510.171032555088,36917.923959335676,0.6216216216216216,8722.535632374242,1.0,12.567760931760487,4.75,20,185,medium,opt,0.3
3,1003,1630.1073821791297,65,7429.902348050932,42725.010858336434,0.6176470588235294,9723.85271167055,0.9720900135682766,12.755053711296245,4.055555555555555,24,170,medium,opt,0.3
4,1004,1626.638888888889,62,9413.45997805538,50533.99123192366,0.6557377049180327,11757.05288301213,1.0,16.691248150528295,4.361111111111111,33,183,medium,opt,0.3
5,1005,1595.4115648598095,65,10131.082769025377,53061.09988979464,0.6882352941176471,12453.52444317306,1.0,16.405747608021667,4.333333333333333,18,170,medium,opt,0.3
6,1006,1632.603378200872,65,10183.48059760512,51396.64343626659,0.6410256410256411,12442.808217970733,1.0,18.77332557429117,4.638888888888889,33,195,medium,opt,0.3
7,1007,1558.6944444444443,59,8710.203114238915,37224.76972403661,0.6589595375722543,11069.041715430454,1.0,14.88269364900315,4.361111111111111,21,173,medium,opt,0.3
8,1008,1629.3890033620312,60,8319.469778821756,49166.021215350775,0.654054054054054,10571.25446128499,1.0,15.456042438764829,4.638888888888889,24,185,medium,opt,0.3
9,1009,1495.0559364086569,57,8241.719585395816,47053.20596690416,0.6170212765957447,10527.263722809064,1.0,15.337304174538879,4.5,29,188,medium,opt,0.3
10,1010,1576.4722222222222,59,5037.99463116035,29598.999832956222,0.7393939393939394,7388.664669472734,1.0,9.621834308887387,4.361111111111111,15,165,medium,opt,0.3
11,1011,1470.3055555555557,54,2690.3224228926088,18613.669106325644,0.7017543859649122,4933.115908526484,1.0,6.829110186266171,4.611111111111111,13,171,medium,opt,0.3
12,1012,1655.1944444444443,61,5418.4162275308345,37652.76194901709,0.7109826589595376,7726.393666964776,1.0,10.549135473615,4.305555555555555,25,173,medium,opt,0.3
13,1013,1726.111111111111,67,7193.226531932107,52465.41906385936,0.5969387755102041,9387.087529833085,1.0,14.214021162930948,4.833333333333333,23,196,medium,opt,0.3
14,1014,1679.138888888889,65,6467.594074706835,42096.26503391123,0.6424870466321243,8698.672414477212,1.0,12.990402743891076,4.833333333333333,24,193,medium,opt,0.3
15,1015,1641.2380755954282,62,8327.107939858004,40292.43663930718,0.6885245901639344,10590.452804598674,1.0,15.028870180600801,4.527777777777778,23,183,medium,opt,0.3
16,1016,1666.7777777777778,64,9355.90122626719,47701.44294758701,0.6464088397790055,11634.531057194577,1.0,16.795396659645846,4.583333333333333,27,181,medium,opt,0.3
17,1017,1653.371691496037,64,6873.257176695487,40842.501126101095,0.6358381502890174,9101.410991600316,1.0,12.432909370339477,4.555555555555555,17,173,medium,opt,0.3
18,1018,1770.3268330957244,71,5854.0975758396335,34555.45875916742,0.6449704142011834,8068.699660616707,1.0,10.762414202963742,4.5,14,169,medium,opt,0.3
19,1019,1700.0833333333333,68,10236.374393651718,61738.402055312385,0.6373056994818653,12488.594494026533,1.0,18.763187994938807,4.555555555555555,33,193,medium,opt,0.3
20,1020,1671.0609975756206,63,6369.249005767439,40049.04111762495,0.630057803468208,8549.889961034369,0.9796542894500181,11.559198933192217,4.388888888888889,20,173,medium,opt,0.3
21,1021,1651.7777777777774,63,2828.9266955627695,16869.898765980404,0.6163522012578616,5085.136430818948,1.0,6.352151066294405,4.277777777777778,10,159,medium,opt,0.3
22,1022,1590.7278646588227,62,7007.7682526961335,42601.57808187533,0.6105263157894737,9189.961906574057,0.9931471325710757,13.585870199750444,4.638888888888889,28,190,medium,opt,0.3
23,1023,1557.273634211288,59,6469.452795387824,38975.15281568722,0.6705202312138728,8786.359551619242,1.0,11.867098366297043,4.5,16,173,medium,opt,0.3
24,1024,1628.087248232426,60,2527.0401110501934,19191.740979180555,0.5512820512820513,4574.073143889002,0.9627032629146999,5.656516496432278,4.416666666666667,5,156,medium,opt,0.3
25,1025,1641.4722222222222,63,13312.0909783469,60629.89711197339,0.6839080459770115,15659.510409405284,1.0,21.374705790267424,4.333333333333333,29,174,medium,opt,0.3
26,1026,1541.441091019334,57,11362.679924287753,59818.1544228213,0.6631016042780749,13677.497107259796,1.0,19.770044117368638,4.361111111111111,32,187,medium,opt,0.3
27,1027,1584.7222222222222,58,7351.525784672798,35009.87756486694,0.6976744186046512,9630.035753691884,1.0,13.163987125465052,4.416666666666667,23,172,medium,opt,0.3
28,1028,1574.2714321021076,57,6384.060960923038,36747.642717344876,0.651685393258427,8651.832182405231,1.0,12.057208446688536,4.333333333333333,26,178,medium,opt,0.3
29,1029,1724.383083998685,67,4693.367122723897,30142.51450251779,0.6417112299465241,6867.188360814988,1.0,9.925478506916326,4.75,17,187,medium,opt,0.3
0,1000,1762.9444444444443,66,7193.126826087568,37941.144282006586,0.6235955056179775,9453.245302709745,1.0,13.063779117837385,4.388888888888889,24,178,medium,opt,1.0
1,1001,1706.9627388177846,67,9775.832698582055,61769.424127023245,0.6510416666666666,12007.391505861633,1.0,18.034608160036964,4.583333333333333,33,192,medium,opt,1.0
2,1002,1608.638888888889,59,6795.630174578691,41344.451809196005,0.6702702702702703,9043.413605767173,1.0,13.01602202448069,4.666666666666667,22,185,medium,opt,1.0
3,1003,1594.861111111111,62,7246.968360532245,41355.010858336434,0.6058823529411764,9513.066055688801,0.9717505073954371,12.478558869344877,4.111111111111111,22,170,medium,opt,1.0
4,1004,1626.638888888889,62,9433.113809976916,50533.99123192366,0.6666666666666666,11785.517363886445,1.0,16.731441051762864,4.361111111111111,33,183,medium,opt,1.0
5,1005,1466.611111111111,58,8067.4938373117575,42383.469077122136,0.7058823529411765,10413.755828422733,0.996949463223709,13.731776431265837,4.416666666666667,15,170,medium,opt,1.0
6,1006,1630.5478226453165,65,10107.831106052297,49668.64343626659,0.6615384615384615,12365.758363533649,1.0,18.65739408034649,4.666666666666667,32,195,medium,opt,1.0
7,1007,1518.1944444444443,58,8385.213918325699,36223.61800488585,0.7109826589595376,10761.980028059377,1.0,14.465759452126635,4.444444444444445,18,173,medium,opt,1.0
8,1008,1664.6945589175868,63,8836.419049601087,50437.021215350775,0.6702702702702703,11091.459844414541,1.0,16.17422141931241,4.611111111111111,25,185,medium,opt,1.0
9,1009,1494.7226030753236,55,7806.961058467715,41921.20596690416,0.6329787234042553,10113.226707554462,1.0,14.701957163901712,4.555555555555555,26,188,medium,opt,1.0
10,1010,1491.861111111111,54,4066.4585852471773,27428.7076162796,0.7272727272727273,6366.989441713087,1.0,8.321090384656353,4.416666666666667,13,165,medium,opt,1.0
11,1011,1418.1111111111106,53,2371.407703485775,17784.399068297324,0.6549707602339181,4577.767829014466,0.9943248806863582,6.3602481369100365,4.638888888888889,12,171,medium,opt,1.0
12,1012,1605.9251865254046,65,5154.160508544184,31394.8260658129,0.6647398843930635,7416.817866792352,1.0,10.175833620646294,4.388888888888889,23,173,medium,opt,1.0
13,1013,1666.1940796823797,64,6553.405721524979,50532.41906385936,0.5663265306122449,8718.99569309839,1.0,13.203635360461812,4.833333333333333,23,196,medium,opt,1.0
14,1014,1679.138888888889,65,6467.594074706835,42096.26503391123,0.6424870466321243,8698.672414477212,1.0,12.990402743891076,4.833333333333333,24,193,medium,opt,1.0
15,1015,1641.2380755954282,62,8327.107939858004,40292.43663930718,0.6885245901639344,10590.452804598674,1.0,15.028870180600801,4.527777777777778,23,183,medium,opt,1.0
16,1016,1677.0992064087961,64,9068.69940897589,47575.44294758701,0.6298342541436464,11276.34321189071,1.0,16.166853890653304,4.527777777777778,27,181,medium,opt,1.0
17,1017,1653.371691496037,64,6875.158910799533,40842.501126101095,0.6358381502890174,9111.2953846639,1.0,12.446103814783921,4.555555555555555,17,173,medium,opt,1.0
18,1018,1702.4166666666667,68,4680.984744490495,28003.372863944147,0.6331360946745562,6886.664157658125,1.0,9.168270684445224,4.5,14,169,medium,opt,1.0
19,1019,1708.2222222222222,67,9499.052116129466,58590.74211170903,0.6476683937823834,11754.638841288992,0.9929757711697791,17.55671082689602,4.638888888888889,30,193,medium,opt,1.0
20,1020,1704.005442020065,66,6677.127774351268,42350.193333794145,0.5606936416184971,8865.844598122052,0.9781496598203885,11.982896095354016,4.361111111111111,21,173,medium,opt,1.0
21,1021,1456.5277777777778,55,1876.6564258331405,9561.759246160189,0.6540880503144654,4022.5609287264647,0.9555243857111851,5.053219569604485,4.305555555555555,8,159,medium,opt,1.0
22,1022,1587.672309103267,60,6894.398870310003,43545.755916767026,0.6473684210526316,9105.202250013495,0.9931471325710757,13.46160835757061,4.611111111111111,29,190,medium,opt,1.0
23,1023,1517.1347453223996,59,5641.095486188804,32321.63268261605,0.6127167630057804,7875.308390742904,1.0,10.629838714818598,4.527777777777778,15,173,medium,opt,1.0
24,1024,1563.4500538160491,59,2333.400337171659,17391.31092880541,0.6474358974358975,4483.193259201692,0.9482202382233419,5.548088548814837,4.5,2,156,medium,opt,1.0
25,1025,1641.4722222222222,63,13312.0909783469,60629.89711197339,0.6839080459770115,15659.510409405284,1.0,21.374705790267424,4.333333333333333,29,174,medium,opt,1.0
26,1026,1541.441091019334,57,11362.679924287753,59818.1544228213,0.6631016042780749,13677.497107259796,1.0,19.770044117368638,4.361111111111111,32,187,medium,opt,1.0
27,1027,1473.4266161812993,54,5300.555703506832,27178.2778994135,0.6511627906976745,7580.767096207195,1.0,10.281675649617119,4.527777777777778,18,172,medium,opt,1.0
28,1028,1672.6880987687741,61,6970.515114337346,40099.88534836628,0.6910112359550562,9375.296706747773,1.0,13.021442129813321,4.25,29,178,medium,opt,1.0
29,1029,1724.383083998685,67,4688.910028723663,30142.51450251779,0.6310160427807486,6845.937023916593,1.0,9.894814926669412,4.75,17,187,medium,opt,1.0
0,1000,1523.611111111111,58,5562.531524928944,29643.50734290309,0.6235955056179775,7781.341733519212,1.0,10.767491808301006,4.555555555555555,18,178,medium,opt,3.0
1,1001,1459.546072151118,59,6439.346944380046,38266.255533501346,0.65625,8641.858982049951,1.0,12.972684976612259,4.888888888888889,22,192,medium,opt,3.0
2,1002,1394.888888888889,53,5166.020299675577,29528.3519742536,0.6432432432432432,7411.412118020811,1.0,10.696506011879789,4.833333333333333,16,185,medium,opt,3.0
3,1003,1520.4722222222222,61,6608.049031498308,35802.4476861866,0.5941176470588235,8863.698626078243,0.9717505073954371,11.626765173096464,4.222222222222222,18,170,medium,opt,3.0
4,1004,1525.25,58,8794.76391823938,45885.430255987216,0.6830601092896175,11149.007670457288,1.0,15.832665790207802,4.388888888888889,32,183,medium,opt,3.0
5,1005,1466.611111111111,58,7969.377710543685,42383.469077122136,0.7,10269.855828422733,0.996949463223709,13.543018715216455,4.416666666666667,15,170,medium,opt,3.0
6,1006,1475.4722222222222,57,7657.478754195259,38922.9327602518,0.6564102564102564,9933.842424681561,1.0,15.015840610505533,4.833333333333333,27,195,medium,opt,3.0
7,1007,1518.1944444444443,58,8419.25566229615,36223.61800488585,0.7341040462427746,10808.326848868624,1.0,14.527626736077252,4.444444444444445,18,173,medium,opt,3.0
8,1008,1470.0833333333337,59,5341.46094517675,38429.74310246247,0.6216216216216216,7534.092388226245,1.0,10.947091980471354,4.777777777777778,20,185,medium,opt,3.0
9,1009,1476.502110871256,57,7559.128818239198,41801.12997553895,0.6702127659574468,9866.77610551172,0.9950545986988056,14.344451660938471,4.583333333333333,25,188,medium,opt,3.0
10,1010,1414.5277777777774,54,3921.0011397265066,22563.777972089592,0.6848484848484848,6201.031865955511,1.0,8.152148832490587,4.527777777777778,13,165,medium,opt,3.0
11,1011,1339.7436684498239,53,2244.371619228484,17431.627004103648,0.6140350877192983,4444.843644939529,0.9753742634024076,6.184862060700052,4.583333333333333,14,171,medium,opt,3.0
12,1012,1407.9487590940382,55,2792.793970073896,20218.606621631712,0.6358381502890174,5059.380225988487,0.9778923504048674,6.9997864612399034,4.416666666666667,22,173,medium,opt,3.0
13,1013,1562.8055555555557,61,5997.673519474295,42287.4392603874,0.6377551020408163,8160.88311321486,1.0,12.359576211872527,4.972222222222222,18,196,medium,opt,3.0
14,1014,1516.722222222222,58,4320.740439215458,28581.74512487551,0.6269430051813472,6531.560599006653,1.0,9.763145179185692,4.972222222222222,19,193,medium,opt,3.0
15,1015,1456.7897021823499,55,5914.310858198015,27723.770331819585,0.6502732240437158,8212.608901710606,1.0,11.668109527658357,4.888888888888889,15,183,medium,opt,3.0
16,1016,1468.904761964352,54,5988.714368778479,39931.908369892975,0.6906077348066298,8352.143623843527,0.9986070388890169,11.883294721687461,4.694444444444445,19,181,medium,opt,3.0
17,1017,1412.1772470515925,56,2725.6924964593304,17895.154500019344,0.6589595375722543,4972.874523747292,1.0,6.785127188809482,4.888888888888889,7,173,medium,opt,3.0
18,1018,1436.2222222222217,56,1765.6543261641048,12225.352431130297,0.5976331360946746,3929.325479835693,0.9666851834153661,5.349549723395906,4.666666666666667,8,169,medium,opt,3.0
19,1019,1713.861111111111,69,9566.180475561654,58753.74211170903,0.6683937823834197,11854.229790741667,0.9929757711697791,17.705021422917362,4.611111111111111,31,193,medium,opt,3.0
20,1020,1663.6986726713667,65,6759.545236958309,45530.81263239571,0.6358381502890174,8962.021556655945,0.9571542894500181,12.076643115619165,4.333333333333333,22,173,medium,opt,3.0
21,1021,1221.8039791628098,49,1437.558972170691,7596.630129326528,0.6163522012578616,3504.195973925307,0.9104626573161235,4.401390651291339,4.277777777777778,9,159,medium,opt,3.0
22,1022,1585.4500868810449,60,6874.276610396792,43465.755916767026,0.6263157894736842,9085.654881592443,0.9931471325710757,13.432950950163201,4.611111111111111,29,190,medium,opt,3.0
23,1023,1376.4722222222217,53,3236.1497347533204,23849.648193600384,0.5780346820809249,5385.671110172139,0.9953309192420444,7.346202530106084,4.583333333333333,13,173,medium,opt,3.0
24,1024,1429.166666666667,53,1184.7870462894825,8302.411070460337,0.4935897435897436,3146.433592918043,0.9080388550406313,3.939025987547479,4.444444444444445,4,156,medium,opt,3.0
25,1025,1546.0,59,12422.101678944176,53957.17066199571,0.7068965517241379,14756.88302045357,1.0,20.16284494398967,4.416666666666667,26,174,medium,opt,3.0
26,1026,1528.861111111111,57,11377.022978677569,59818.1544228213,0.6844919786096256,13713.48641207263,1.0,19.828298427194195,4.416666666666667,32,187,medium,opt,3.0
27,1027,1425.0555555555557,53,3970.2036756751922,24196.317900583206,0.7325581395348837,6306.608470422624,1.0,8.604204325273395,4.583333333333333,16,172,medium,opt,3.0
28,1028,1412.1603209909965,53,4684.029228880949,31587.831570550043,0.6404494382022472,6978.72681035221,0.9941207629162431,9.729856932603367,4.361111111111111,25,178,medium,opt,3.0
29,1029,1756.1690852577813,69,4374.737266700837,31888.711394133657,0.6524064171122995,6560.112261948092,0.9946132568922282,9.470776041915107,4.694444444444445,20,187,medium,opt,3.0
0,1000,994.9166666666666,39,2697.1857600159206,11782.181758152728,0.6460674157303371,4912.156333655838,0.9678900805817471,6.835485626389885,4.861111111111111,7,178,medium,opt,10.0
1,1001,1162.3611111111109,46,4177.287237216436,21382.435069613508,0.71875,6493.583192546608,1.0,9.858418374878916,5.055555555555555,16,192,medium,opt,10.0
2,1002,975.9434947232382,38,2528.8104565876856,10360.020832545808,0.7243243243243244,4859.627097580542,0.9900675406727659,7.1354857280723,4.888888888888889,14,185,medium,opt,10.0
3,1003,1081.2222222222222,41,2774.4297782548415,16100.029678943778,0.6,5026.797628056157,0.970440754614837,6.593793184950205,4.5,8,170,medium,opt,10.0
4,1004,964.6666666666666,37,3833.6657712475794,18416.382979108064,0.7540983606557377,6247.353761237979,0.9934829006115635,8.911348927652767,4.805555555555555,17,183,medium,opt,10.0
5,1005,1135.1240769096064,46,5817.094818061179,29444.103243419464,0.7470588235294118,8191.2460184965075,0.996949463223709,10.816447205282362,4.694444444444445,5,170,medium,opt,10.0
6,1006,1059.611111111111,41,3634.6928339858523,17828.55988492834,0.7794871794871795,6018.784905951746,1.0,9.125129066120387,5.111111111111111,17,195,medium,opt,10.0
7,1007,1029.611111111111,38,4437.920461047129,18584.656500995443,0.7398843930635838,6816.923676981857,0.9805621379160322,9.128253674839518,4.694444444444445,9,173,medium,opt,10.0
8,1008,1166.5276633046353,47,3683.78181809596,22472.601349532953,0.7081081081081081,6008.546620487137,1.0,8.840549024979572,5.0,12,185,medium,opt,10.0
9,1009,1352.2226030753236,51,6463.746933448163,33303.12997553895,0.7021276595744681,8787.058020405337,0.9950545986988056,12.778193944889093,4.583333333333333,25,188,medium,opt,10.0
10,1010,1152.4166666666667,45,2127.45763427166,9313.04735890677,0.703030303030303,4448.1895121884245,0.9769817165074669,6.074293983944526,4.666666666666667,8,165,medium,opt,10.0
11,1011,1326.4103351164906,52,1808.0976274502614,10556.234701635287,0.6374269005847953,4008.765249249969,0.989764695501173,5.4971007134127685,4.722222222222222,7,171,medium,opt,10.0
12,1012,1039.888888888889,43,1987.9780052247636,11314.090959053967,0.6242774566473989,4149.587778918319,0.94048494299746,5.949538827419388,4.666666666666667,13,173,medium,opt,10.0
13,1013,1392.6940796823797,55,3790.216762460018,29532.044518672163,0.6377551020408163,6001.915756362238,0.9959382840412452,9.094471258607754,5.027777777777778,16,196,medium,opt,10.0
14,1014,1113.25,44,2198.7458718820135,12889.89928636876,0.6476683937823834,4391.237920432691,0.9586941878683988,6.575781931000707,5.166666666666667,12,193,medium,opt,10.0
15,1015,1135.888888888889,43,2711.528801545079,18696.972181394507,0.6666666666666666,4995.194366788265,0.9954590793232907,7.131872728512125,5.083333333333333,9,183,medium,opt,10.0
16,1016,1162.265873075463,44,3610.720603218347,20484.905940425146,0.7016574585635359,5970.248551506513,0.9986070388890169,8.556728301216792,4.972222222222222,9,181,medium,opt,10.0
17,1017,1279.0374174390822,53,1690.1535474266743,8078.2126119556015,0.6127167630057804,3868.4693390374687,0.9708948004162782,5.310882613540963,4.888888888888889,7,173,medium,opt,10.0
18,1018,1200.4999999999995,48,1642.2704975755105,11498.80638389902,0.5798816568047337,3750.468855364642,0.9197187442755917,5.152151810312515,4.722222222222222,6,169,medium,opt,10.0
19,1019,1596.2222222222222,63,8837.519664155207,53148.78817876184,0.616580310880829,11039.306605339432,0.9792519540460334,16.439708139124303,4.555555555555555,29,193,medium,opt,10.0
20,1020,1483.638888888889,59,5978.638142508594,37354.64446020435,0.6069364161849711,8154.4186408620835,0.9571542894500181,10.998592927098041,4.388888888888889,20,173,medium,opt,10.0
21,1021,1212.4444444444443,48,1536.589034235738,9559.054991893907,0.5849056603773585,3643.866980162994,0.9128314844766173,4.572746283944057,4.277777777777778,9,159,medium,opt,10.0
22,1022,1331.4778646588227,50,4743.502105325876,37279.27929424058,0.6684210526315789,6988.304056463727,0.9931471325710757,10.358131067644253,4.805555555555555,22,190,medium,opt,10.0
23,1023,1356.6871657048712,52,2798.711328482771,21740.265681918245,0.6069364161849711,5013.576217348678,0.9874759809704395,6.809452377444937,4.777777777777778,10,173,medium,opt,10.0
24,1024,1405.916666666667,53,1041.166768922397,8733.449566203766,0.47435897435897434,2974.2394028916665,0.9010018180035944,3.86934007979968,4.444444444444445,4,156,medium,opt,10.0
25,1025,1105.4367192370134,43,6116.39786724906,27207.560931429995,0.7528735632183908,8494.218292232941,1.0,11.527848824909501,4.666666666666667,14,174,medium,opt,10.0
26,1026,1051.8022021304448,40,6048.705712852095,35045.76541940936,0.7914438502673797,8474.605070631136,1.0,12.245154533061097,4.75,17,187,medium,opt,10.0
27,1027,1116.8055555555557,44,2760.686727639566,10573.76698901235,0.7093023255813954,5011.741981847298,0.9986264023906863,6.898393862040711,4.694444444444445,12,172,medium,opt,10.0
28,1028,1244.9624752404027,47,3771.9629686806356,24148.829084938,0.7415730337078652,6143.6446056304185,0.9714461471013145,8.573660920979732,4.75,17,178,medium,opt,10.0
29,1029,1206.7222222222222,47,2306.5193761945457,12468.071529327717,0.6256684491978609,4446.6477127887265,0.9680931951638332,6.421255434717568,4.972222222222222,10,187,medium,opt,10.0
0,1000,978.151159253007,40,2455.1337581271578,15284.37441615187,0.6741573033707865,4680.048760832956,0.9664966757751213,6.564643435321418,4.916666666666667,5,178,medium,opt,30.0
1,1001,849.6388888888889,35,4068.78694467185,15854.828104496773,0.78125,6507.052068628272,1.0,9.878372265370267,5.138888888888889,13,192,medium,opt,30.0
2,1002,1083.111111111111,43,2766.479273852477,13518.483986140767,0.6918918918918919,5039.495688685626,0.9943681517081422,7.573075923708417,5.0,10,185,medium,opt,30.0
3,1003,1086.8611111111106,44,2651.3619072686415,17630.16494009056,0.5941176470588235,4904.285863350275,0.9716984706642198,6.433091024456378,4.5,8,170,medium,opt,30.0
4,1004,715.2222222222222,28,4474.612512091341,23805.62670815218,0.73224043715847,6869.233687738611,0.9980662339448968,9.78946641646152,4.888888888888889,14,183,medium,opt,30.0
5,1005,921.75,37,3853.5748411592845,16264.433359923903,0.7529411764705882,6247.789423158362,0.982287021074494,8.267160004607327,4.722222222222222,4,170,medium,opt,30.0
6,1006,795.2577329102392,30,3480.292526846517,19408.829576491946,0.7897435897435897,5876.824240867704,1.0,8.911530843193008,5.277777777777778,11,195,medium,opt,30.0
7,1007,914.8028465106488,35,3561.981550998021,21824.999666956242,0.7341040462427746,5879.250284908046,0.9736857909155192,7.876575458568146,4.833333333333333,4,173,medium,opt,30.0
8,1008,989.6666666666671,39,2974.867864441148,17169.39385633396,0.6810810810810811,5296.908894028573,1.0,7.824708134587328,5.138888888888889,7,185,medium,opt,30.0
9,1009,819.9726030753235,31,4689.676662473289,19344.108496388304,0.7712765957446809,7090.510166732693,0.9950545986988056,10.31715230530223,5.027777777777778,9,188,medium,opt,30.0
10,1010,1105.9526030508105,42,2209.539713244502,13311.86748020121,0.703030303030303,4493.634579030985,0.9574601115691953,5.82046883880337,4.472222222222222,11,165,medium,opt,30.0
11,1011,1200.8333333333333,48,1872.518999485912,14601.440881815171,0.6081871345029239,4015.2094111444935,0.9705748806863582,5.477597214342661,4.666666666666667,15,171,medium,opt,30.0
12,1012,1025.111111111111,42,2138.707233677211,11314.090959053967,0.6416184971098265,4329.578013916994,0.94048494299746,6.189803570125949,4.611111111111111,15,173,medium,opt,30.0
13,1013,962.8051907934904,39,2910.084125364359,20857.22315522429,0.6377551020408163,5050.026606980864,0.9695670893104814,7.654885816642099,5.194444444444445,10,196,medium,opt,30.0
14,1014,1004.3333333333331,41,2503.4900516640114,13013.077801568208,0.6321243523316062,4653.871386290878,0.9507466570042011,6.966895039879026,5.25,9,193,medium,opt,30.0
15,1015,968.055555555556,39,2823.255098587278,15037.192505489907,0.726775956284153,5151.309138469812,0.9912924126566242,7.352312568155045,5.166666666666667,6,183,medium,opt,30.0
16,1016,922.1269841865742,35,3133.5327001081855,17176.41579303248,0.7458563535911602,5511.09216661646,0.9986070388890169,7.915468226640405,5.166666666666667,2,181,medium,opt,30.0
17,1017,1248.333333333333,51,1777.954492266986,11120.10825197053,0.5838150289017341,3929.4755943371333,0.9708948004162782,5.392318432729556,4.722222222222222,13,173,medium,opt,30.0
18,1018,1104.3420902656326,45,1811.3582090947152,11498.80638389902,0.621301775147929,3960.9689855214606,0.9197187442755917,5.4266465788040446,4.5,14,169,medium,opt,30.0
19,1019,828.5292567879426,34,4664.5443194259005,23003.736785820765,0.7823834196891192,7024.910831487025,0.9792519540460334,10.461479864791638,5.277777777777778,3,193,medium,opt,30.0
20,1020,973.5555555555555,37,3736.9700896499694,15650.399802757209,0.7745664739884393,6092.701913074963,0.9569343508978574,8.246455628431594,4.666666666666667,10,173,medium,opt,30.0
21,1021,1212.4444444444443,48,1536.589034235738,9559.054991893907,0.5849056603773585,3643.866980162994,0.9128314844766173,4.572746283944057,4.277777777777778,9,159,medium,opt,30.0
22,1022,852.0334202143782,34,3795.488913580382,24711.295980174036,0.7,6053.077829927277,0.9931471325710757,8.98704323553064,5.138888888888889,10,190,medium,opt,30.0
23,1023,1093.1666666666663,42,2555.9047739976318,16295.93964170535,0.6242774566473989,4805.024333355898,0.9874759809704395,6.531061359460748,4.833333333333333,8,173,medium,opt,30.0
24,1024,1374.2137410249582,54,1187.3394695892487,10999.488469910066,0.5,3105.994372302507,0.8956545957813721,4.027934024460878,4.5,2,156,medium,opt,30.0
25,1025,885.6666666666666,34,3853.082564903091,29606.897143556667,0.6379310344827587,6101.475324575738,0.9965541271217214,8.31536984055493,4.861111111111111,7,174,medium,opt,30.0
26,1026,706.4688687971118,27,4419.161131114381,19152.333377864285,0.7540106951871658,6844.829852521875,1.0,9.893549858783071,4.972222222222222,9,187,medium,opt,30.0
27,1027,1051.0277777777778,44,2510.65079803735,12548.033048244717,0.6569767441860465,4664.129727371551,0.9861884811674416,6.840667721841416,4.861111111111111,6,172,medium,opt,30.0
28,1028,862.0,32,3479.876724986492,15249.40154990823,0.7528089887640449,5875.201081327253,0.9714461471013145,8.204965339760884,4.833333333333333,14,178,medium,opt,30.0
29,1029,1195.476755910283,49,2440.9348669046713,10635.782317966245,0.6042780748663101,4534.6113674103635,0.9720752641722442,6.548178300568235,5.138888888888889,4,187,medium,opt,30.0
0,1000,978.151159253007,40,2455.1337581271578,15284.37441615187,0.6741573033707865,4680.048760832956,0.9664966757751213,6.564643435321418,4.916666666666667,5,178,medium,opt,100.0
1,1001,776.6111111111111,31,4327.760086970782,27055.934393535805,0.7395833333333334,6697.991602442305,0.9885712879541451,10.161245648798465,5.111111111111111,14,192,medium,opt,100.0
2,1002,1083.111111111111,43,2766.479273852477,13518.483986140767,0.6918918918918919,5039.495688685626,0.9943681517081422,7.573075923708417,5.0,10,185,medium,opt,100.0
3,1003,1086.8611111111106,44,2651.3619072686415,17630.16494009056,0.5941176470588235,4904.285863350275,0.9716984706642198,6.433091024456378,4.5,8,170,medium,opt,100.0
4,1004,715.2222222222222,28,4474.612512091341,23805.62670815218,0.73224043715847,6869.233687738611,0.9980662339448968,9.78946641646152,4.888888888888889,14,183,medium,opt,100.0
5,1005,838.75,32,4235.415910549077,25728.042122011495,0.7823529411764706,6638.050609209701,0.9581357865065927,8.779076683841332,4.722222222222222,4,170,medium,opt,100.0
6,1006,748.896621799128,29,4244.875690347602,29223.829576491946,0.7897435897435897,6652.043326074018,1.0,10.07794844824881,5.25,12,195,medium,opt,100.0
7,1007,898.1666666666666,34,3966.9659630306405,26803.999666956242,0.7341040462427746,6339.369662254752,0.9755788366890736,8.490778022464596,4.916666666666667,1,173,medium,opt,100.0
8,1008,989.6666666666671,39,2974.867864441148,17169.39385633396,0.6810810810810811,5296.908894028573,1.0,7.824708134587328,5.138888888888889,7,185,medium,opt,100.0
9,1009,824.8337141864346,31,4908.967655546381,32565.108496388304,0.7553191489361702,7285.212294392267,0.9950545986988056,10.599590576907163,5.027777777777778,9,188,medium,opt,100.0
10,1010,1105.9526030508105,42,2209.539713244502,13311.86748020121,0.703030303030303,4493.634579030985,0.9574601115691953,5.82046883880337,4.472222222222222,11,165,medium,opt,100.0
11,1011,1200.8333333333333,48,1872.518999485912,14601.440881815171,0.6081871345029239,4015.2094111444935,0.9705748806863582,5.477597214342661,4.666666666666667,15,171,medium,opt,100.0
12,1012,984.9444444444445,40,2198.9320249792677,11314.090959053967,0.653179190751445,4401.122768940595,0.94048494299746,6.285306985396651,4.388888888888889,23,173,medium,opt,100.0
13,1013,962.8051907934904,39,2910.084125364359,20857.22315522429,0.6377551020408163,5050.026606980864,0.9695670893104814,7.654885816642099,5.194444444444445,10,196,medium,opt,100.0
14,1014,992.5300784696688,41,3250.468145497276,16619.684653705117,0.6321243523316062,5405.460772432203,0.9507466570042011,8.086160097944424,5.333333333333333,6,193,medium,opt,100.0
15,1015,968.055555555556,39,2823.255098587278,15037.192505489907,0.726775956284153,5151.309138469812,0.9912924126566242,7.352312568155045,5.166666666666667,6,183,medium,opt,100.0
16,1016,922.1269841865742,35,3133.5327001081855,17176.41579303248,0.7458563535911602,5511.09216661646,0.9986070388890169,7.915468226640405,5.166666666666667,2,181,medium,opt,100.0
17,1017,1248.333333333333,51,1777.954492266986,11120.10825197053,0.5838150289017341,3929.4755943371333,0.9708948004162782,5.392318432729556,4.722222222222222,13,173,medium,opt,100.0
18,1018,1104.3420902656326,45,1811.3582090947152,11498.80638389902,0.621301775147929,3960.9689855214606,0.9197187442755917,5.4266465788040446,4.5,14,169,medium,opt,100.0
19,1019,795.3070345657203,33,4508.567508258488,19126.26977851428,0.8031088082901554,6882.491142367854,0.9792519540460334,10.249388815408928,5.277777777777778,3,193,medium,opt,100.0
20,1020,911.7777777777778,35,3750.8428580121627,25308.38164931038,0.7456647398843931,6067.256214861343,0.94015194349045,8.212488762760634,4.694444444444445,9,173,medium,opt,100.0
21,1021,1212.4444444444443,48,1536.589034235738,9559.054991893907,0.5849056603773585,3643.866980162994,0.9128314844766173,4.572746283944057,4.277777777777778,9,159,medium,opt,100.0
22,1022,852.0334202143782,34,4215.890532642528,28985.295980174036,0.7052631578947368,6501.893619400961,0.9931471325710757,9.645029346641747,5.138888888888889,10,190,medium,opt,100.0
23,1023,1093.1666666666663,42,2555.9047739976318,16295.93964170535,0.6242774566473989,4805.024333355898,0.9874759809704395,6.531061359460748,4.833333333333333,8,173,medium,opt,100.0
24,1024,1374.2137410249582,54,1187.3394695892487,10999.488469910066,0.5,3105.994372302507,0.8956545957813721,4.027934024460878,4.5,2,156,medium,opt,100.0
25,1025,944.3333333333329,36,3806.1851293377613,31990.897143556667,0.7068965517241379,6119.127630507312,1.0,8.339069695740838,4.888888888888889,6,174,medium,opt,100.0
26,1026,722.4410910193336,28,4557.351771630835,25982.109043310928,0.786096256684492,7027.118622575351,1.0,10.156574550141096,4.972222222222222,9,187,medium,opt,100.0
27,1027,1051.0277777777778,44,2510.65079803735,12548.033048244717,0.6569767441860465,4664.129727371551,0.9861884811674416,6.840667721841416,4.861111111111111,6,172,medium,opt,100.0
28,1028,862.0,32,3479.876724986492,15249.40154990823,0.7528089887640449,5875.201081327253,0.9714461471013145,8.204965339760884,4.833333333333333,14,178,medium,opt,100.0
29,1029,1195.476755910283,49,2440.9348669046713,10635.782317966245,0.6042780748663101,4534.6113674103635,0.9720752641722442,6.548178300568235,5.138888888888889,4,187,medium,opt,100.0
0,1000,978.151159253007,40,2455.1337581271578,15284.37441615187,0.6741573033707865,4680.048760832956,0.9664966757751213,6.564643435321418,4.916666666666667,5,178,medium,opt,300.0
1,1001,776.6111111111111,31,4327.760086970782,27055.934393535805,0.7395833333333334,6697.991602442305,0.9885712879541451,10.161245648798465,5.111111111111111,14,192,medium,opt,300.0
2,1002,1083.111111111111,43,2766.479273852477,13518.483986140767,0.6918918918918919,5039.495688685626,0.9943681517081422,7.573075923708417,5.0,10,185,medium,opt,300.0
3,1003,1086.8611111111106,44,2651.3619072686415,17630.16494009056,0.5941176470588235,4904.285863350275,0.9716984706642198,6.433091024456378,4.5,8,170,medium,opt,300.0
4,1004,715.2222222222222,28,4474.612512091341,23805.62670815218,0.73224043715847,6869.233687738611,0.9980662339448968,9.78946641646152,4.888888888888889,14,183,medium,opt,300.0
5,1005,838.75,32,4235.415910549077,25728.042122011495,0.7823529411764706,6638.050609209701,0.9581357865065927,8.779076683841332,4.722222222222222,4,170,medium,opt,300.0
6,1006,748.896621799128,29,4244.875690347602,29223.829576491946,0.7897435897435897,6652.043326074018,1.0,10.07794844824881,5.25,12,195,medium,opt,300.0
7,1007,898.1666666666666,34,3966.9659630306405,26803.999666956242,0.7341040462427746,6339.369662254752,0.9755788366890736,8.490778022464596,4.916666666666667,1,173,medium,opt,300.0
8,1008,989.6666666666671,39,2974.867864441148,17169.39385633396,0.6810810810810811,5296.908894028573,1.0,7.824708134587328,5.138888888888889,7,185,medium,opt,300.0
9,1009,824.8337141864346,31,4908.967655546381,32565.108496388304,0.7553191489361702,7285.212294392267,0.9950545986988056,10.599590576907163,5.027777777777778,9,188,medium,opt,300.0
10,1010,1105.9526030508105,42,2209.539713244502,13311.86748020121,0.703030303030303,4493.634579030985,0.9574601115691953,5.82046883880337,4.472222222222222,11,165,medium,opt,300.0
11,1011,1200.8333333333333,48,1872.518999485912,14601.440881815171,0.6081871345029239,4015.2094111444935,0.9705748806863582,5.477597214342661,4.666666666666667,15,171,medium,opt,300.0
12,1012,984.9444444444445,40,2198.9320249792677,11314.090959053967,0.653179190751445,4401.122768940595,0.94048494299746,6.285306985396651,4.388888888888889,23,173,medium,opt,300.0
13,1013,962.8051907934904,39,2910.084125364359,20857.22315522429,0.6377551020408163,5050.026606980864,0.9695670893104814,7.654885816642099,5.194444444444445,10,196,medium,opt,300.0
14,1014,992.5300784696688,41,3250.468145497276,16619.684653705117,0.6321243523316062,5405.460772432203,0.9507466570042011,8.086160097944424,5.333333333333333,6,193,medium,opt,300.0
15,1015,968.055555555556,39,2823.255098587278,15037.192505489907,0.726775956284153,5151.309138469812,0.9912924126566242,7.352312568155045,5.166666666666667,6,183,medium,opt,300.0
16,1016,922.1269841865742,35,3133.5327001081855,17176.41579303248,0.7458563535911602,5511.09216661646,0.9986070388890169,7.915468226640405,5.166666666666667,2,181,medium,opt,300.0
17,1017,1248.333333333333,51,1777.954492266986,11120.10825197053,0.5838150289017341,3929.4755943371333,0.9708948004162782,5.392318432729556,4.722222222222222,13,173,medium,opt,300.0
18,1018,1104.3420902656326,45,1811.3582090947152,11498.80638389902,0.621301775147929,3960.9689855214606,0.9197187442755917,5.4266465788040446,4.5,14,169,medium,opt,300.0
19,1019,795.3070345657203,33,4508.567508258488,19126.26977851428,0.8031088082901554,6882.491142367854,0.9792519540460334,10.249388815408928,5.277777777777778,3,193,medium,opt,300.0
20,1020,911.7777777777778,35,3750.8428580121627,25308.38164931038,0.7456647398843931,6067.256214861343,0.94015194349045,8.212488762760634,4.694444444444445,9,173,medium,opt,300.0
21,1021,1212.4444444444443,48,1536.589034235738,9559.054991893907,0.5849056603773585,3643.866980162994,0.9128314844766173,4.572746283944057,4.277777777777778,9,159,medium,opt,300.0
22,1022,852.0334202143782,34,4215.890532642528,28985.295980174036,0.7052631578947368,6501.893619400961,0.9931471325710757,9.645029346641747,5.138888888888889,10,190,medium,opt,300.0
23,1023,1093.1666666666663,42,2555.9047739976318,16295.93964170535,0.6242774566473989,4805.024333355898,0.9874759809704395,6.531061359460748,4.833333333333333,8,173,medium,opt,300.0
24,1024,1374.2137410249582,54,1187.3394695892487,10999.488469910066,0.5,3105.994372302507,0.8956545957813721,4.027934024460878,4.5,2,156,medium,opt,300.0
25,1025,944.3333333333329,36,3806.1851293377613,31990.897143556667,0.7068965517241379,6119.127630507312,1.0,8.339069695740838,4.888888888888889,6,174,medium,opt,300.0
26,1026,722.4410910193336,28,4557.351771630835,25982.109043310928,0.786096256684492,7027.118622575351,1.0,10.156574550141096,4.972222222222222,9,187,medium,opt,300.0
27,1027,1051.0277777777778,44,2510.65079803735,12548.033048244717,0.6569767441860465,4664.129727371551,0.9861884811674416,6.840667721841416,4.861111111111111,6,172,medium,opt,300.0
28,1028,862.0,32,3479.876724986492,15249.40154990823,0.7528089887640449,5875.201081327253,0.9714461471013145,8.204965339760884,4.833333333333333,14,178,medium,opt,300.0
29,1029,1195.476755910283,49,2440.9348669046713,10635.782317966245,0.6042780748663101,4534.6113674103635,0.9720752641722442,6.548178300568235,5.138888888888889,4,187,medium,opt,300.0
0,1000,1947.1666666666667,67,35715.017648677494,63547.605826367566,0.9716981132075472,38211.17266395901,1.0,63.74902428816648,3.3055555555555554,107,212,heavy,fcfs,
1,1001,2012.388888888889,74,43737.81081049255,80056.7163102686,0.9793388429752066,46305.629367638074,1.0,88.74176445515847,3.25,149,242,heavy,fcfs,
2,1002,2190.4909770457307,76,38329.47680740728,72896.16367415852,0.9915254237288136,40953.42234864402,1.0,75.47237752091844,3.0,142,236,heavy,fcfs,
3,1003,2152.3888888888887,77,31729.54032220346,65755.83937069762,0.9863013698630136,34275.12388078234,1.0,58.24637690472412,2.888888888888889,123,219,heavy,fcfs,
4,1004,2080.833333333333,67,40412.76319511248,74972.214520497,0.9691629955947136,42980.46167211331,1.0,76.87771584705379,2.861111111111111,140,227,heavy,fcfs,
5,1005,2133.298668140252,80,37659.23119906556,72536.64538656143,0.9812206572769953,40270.62132084058,1.0,66.56537893376915,3.138888888888889,109,213,heavy,fcfs,
6,1006,2001.6335299238522,68,43806.7845480081,84762.08386641816,0.98,46390.25227781257,1.0,90.11579000405892,2.8055555555555554,161,250,heavy,fcfs,
7,1007,2053.7807001552105,70,38487.90990462016,69131.58071380106,0.9864253393665159,41075.32419685861,1.0,70.73138657069158,2.9166666666666665,126,221,heavy,fcfs,
8,1008,1924.695570184154,69,39463.6754701758,73048.68560099934,0.9873417721518988,42028.892028798895,1.0,79.11530524510896,3.3333333333333335,138,237,heavy,fcfs,
9,1009,1929.0380038431883,67,38267.29619208924,75113.74798251875,0.9796747967479674,40837.91963767424,1.0,78.36928741148242,3.0555555555555554,148,246,heavy,fcfs,
10,1010,2117.1388888888887,75,37228.81841866231,70554.15117102487,0.9760765550239234,39830.698366656536,1.0,65.32950205508276,3.0555555555555554,114,209,heavy,fcfs,
11,1011,1921.45056028968,62,40006.1129395902,70319.0517994935,0.9858490566037735,42614.89727073918,1.0,71.38331592687939,2.9722222222222223,121,212,heavy,fcfs,
12,1012,2097.855922069483,72,36217.90508161278,64345.38588804063,0.985781990521327,38822.83956090167,1.0,64.32522787093579,2.861111111111111,122,211,heavy,fcfs,
13,1013,2109.0626378658762,78,36157.79917253208,70973.19158461173,0.9878542510121457,38698.16044632921,1.0,74.25065528481377,3.3055555555555554,137,247,heavy,fcfs,
14,1014,2098.1944444444443,75,37348.232484827204,74402.49491631103,0.9873417721518988,39904.416314655144,1.0,73.41489558950659,3.111111111111111,137,237,heavy,fcfs,
15,1015,2051.9881834844145,75,37931.29924796839,66932.27286092074,0.9865470852017937,40480.44302678518,1.0,70.69776225817989,3.2777777777777777,121,223,heavy,fcfs,
16,1016,2094.4444444444443,74,41239.6985818352,74782.39653169183,0.9650655021834061,43778.9954280553,1.0,79.51071527252876,3.0,140,229,heavy,fcfs,
17,1017,2095.736528219152,77,37688.01348295596,70084.33701930751,1.0,40263.037637545334,1.0,65.01576038766983,3.1944444444444446,109,207,heavy,fcfs,
18,1018,2091.545403971712,73,32686.531280422892,63330.40230565095,0.9857142857142858,35258.30277164381,1.0,57.5321473220064,3.0,111,210,heavy,fcfs,
19,1019,2051.222222222222,74,43201.53559505406,80592.31573030664,0.983739837398374,45811.41439999595,1.0,88.19641585843927,2.9444444444444446,157,246,heavy,fcfs,
20,1020,2041.036245860522,70,36966.55123297478,70145.62194502448,0.9952153110047847,39597.72971088876,1.0,64.87523983287367,3.0,116,209,heavy,fcfs,
21,1021,2062.137495455719,70,36846.7845557938,68940.01995342554,0.9575471698113207,39416.534614812255,1.0,65.0657780609897,2.8055555555555554,121,212,heavy,fcfs,
22,1022,2019.6111111111115,71,42581.28533158108,79070.99306618611,0.9869565217391304,45195.85344001742,1.0,81.13768601771254,2.7222222222222223,144,230,heavy,fcfs,
23,1023,2052.689470059513,75,28101.425649032073,58233.16215346388,0.9746835443037974,30662.36131881838,1.0,56.64059015143261,3.4722222222222223,124,237,heavy,fcfs,
24,1024,2146.5833333333335,80,35713.175144154935,64714.0836664355,0.9852216748768473,38250.50438454972,1.0,60.46587597216027,3.3333333333333335,97,203,heavy,fcfs,
25,1025,2037.25,75,41495.37999613268,78061.64730772728,0.9730941704035875,44090.32659149412,1.0,77.35483828147635,3.3055555555555554,126,223,heavy,fcfs,
26,1026,2154.5539763654024,81,43351.35780885344,74886.93296412459,0.982532751091703,45922.484369273254,1.0,84.61375341390122,3.1666666666666665,141,229,heavy,fcfs,
27,1027,1988.0555555555557,68,40524.3841044203,72322.25763704939,0.9903846153846154,43185.6726176809,1.0,71.0152194836986,2.888888888888889,123,208,heavy,fcfs,
28,1028,2003.0833333333333,69,38677.14916017604,69098.47596260207,0.9781659388646288,41244.43072237959,1.0,74.11271796815517,3.0,135,229,heavy,fcfs,
29,1029,2132.9246183415066,75,35824.713758186204,69636.58498477368,0.9637096774193549,38370.377216431974,1.0,74.07495358640942,3.1666666666666665,146,248,heavy,fcfs,
0,1000,2090.8333333333335,75,39539.74225350979,68363.98628007811,0.9716981132075472,42035.897268791305,1.0,70.07962635997562,3.111111111111111,118,212,heavy,edd,
1,1001,2025.083333333333,72,42867.655381284516,81371.75133805946,0.9793388429752066,45435.47393843004,1.0,86.76569253538598,3.1666666666666665,151,242,heavy,edd,
2,1002,2099.3333333333335,78,37552.1295660593,69557.65449992265,0.9915254237288136,40176.075107296034,1.0,73.90087328513043,3.1666666666666665,136,236,heavy,edd,
3,1003,2193.400406114282,78,32702.582197818854,65042.291729519246,0.9863013698630136,35248.16575639774,1.0,59.96700642154424,2.861111111111111,125,219,heavy,edd,
4,1004,2035.7777777777783,69,40190.11561801997,74707.70177020955,0.9691629955947136,42757.8140950208,1.0,76.50201578359739,2.9166666666666665,140,227,heavy,edd,
5,1005,2158.062442970859,77,38002.15371499937,75288.25209386201,0.9812206572769953,40613.54383677439,1.0,67.17208800702458,3.0833333333333335,111,213,heavy,edd,
6,1006,1970.861111111111,68,41823.734863080994,81922.12498942157,0.98,44407.202592885464,1.0,86.3789889143076,2.888888888888889,158,250,heavy,edd,
7,1007,2097.1081887336786,73,39685.66318051184,72049.1620373133,0.9864253393665159,42273.077472750294,1.0,72.81575832360555,2.8055555555555554,131,221,heavy,edd,
8,1008,2045.6666666666667,71,42690.406624970754,76438.93447365431,0.9873417721518988,45255.62318359387,1.0,85.18948984551821,3.111111111111111,145,237,heavy,edd,
9,1009,1853.2324482876331,66,36701.642144996,74277.35562610335,0.9796747967479674,39272.265590581,1.0,75.30950142596322,3.111111111111111,145,246,heavy,edd,
10,1010,2187.3268375786884,79,35269.599441854494,69844.57159021644,0.9760765550239234,37871.47938984871,1.0,61.75239376922496,3.0277777777777777,113,209,heavy,edd,
11,1011,1885.6666666666667,63,36175.197282428475,67702.82215376882,0.9858490566037735,38783.98161357746,1.0,64.34868197889216,3.0277777777777777,117,212,heavy,edd,
12,1012,2049.3055555555557,73,35874.72884082843,63640.354334756616,0.985781990521327,38479.66332011731,1.0,64.16698908064261,2.9722222222222223,121,211,heavy,edd,
13,1013,2071.3126378658762,77,37102.63214838968,71574.71781207599,0.9878542510121457,39642.99342218681,1.0,76.26377453607282,3.3333333333333335,138,247,heavy,edd,
14,1014,2040.611111111111,74,36303.94514690904,70416.47368581986,0.9873417721518988,38860.12897673698,1.0,71.43772802850732,3.25,131,237,heavy,edd,
15,1015,2108.8611111111113,79,38614.40810977863,70066.82013132209,0.9865470852017937,41163.551888595415,1.0,71.85751747564659,3.1944444444444446,124,223,heavy,edd,
16,1016,2025.2474469370436,74,39546.06740083665,72525.56916087923,0.9650655021834061,42085.36424705676,1.0,76.81223258249686,3.1944444444444446,135,229,heavy,edd,
17,1017,2068.26430599693,76,38239.955657022525,69857.68781969791,1.0,40814.979811611905,1.0,66.27238122149357,3.3055555555555554,107,207,heavy,edd,
18,1018,2026.8509595272674,69,33333.18668300852,63088.00042742684,0.9857142857142858,35904.95817422943,1.0,58.78856425520842,3.0277777777777777,110,210,heavy,edd,
19,1019,2088.698615775692,73,44562.6794947626,82698.63477498759,0.983739837398374,47172.55829970448,1.0,90.92768205436867,2.7777777777777777,161,246,heavy,edd,
20,1020,1997.9166666666667,68,35365.24606265858,69031.07575401853,0.9952153110047847,37996.42454057257,1.0,62.26153010605205,3.111111111111111,112,209,heavy,edd,
21,1021,2083.305555555555,71,38087.02182457476,72540.37093174542,0.9575471698113207,40656.77188359323,1.0,67.28949102900184,2.6944444444444446,127,212,heavy,edd,
22,1022,2009.3268132140317,71,43656.017807444514,78049.04253209758,0.9869565217391304,46270.58591588085,1.0,83.3973074598204,2.8333333333333335,142,230,heavy,edd,
23,1023,2111.0883077182643,75,29838.992561081504,58233.16215346388,0.9746835443037974,32399.928230867812,1.0,59.90992933473287,3.4166666666666665,126,237,heavy,edd,
24,1024,2153.6998135116737,78,36031.78443500647,67600.21116369615,0.9852216748768473,38569.11367540126,1.0,61.05332244467531,3.1944444444444446,101,203,heavy,edd,
25,1025,2022.6517820406007,71,40744.411064773594,76523.82159724238,0.9730941704035875,43339.35766013503,1.0,75.64716908157729,3.25,124,223,heavy,edd,
26,1026,2053.3888888888887,81,39328.29443916956,69063.49113487318,0.982532751091703,41899.42099958937,1.0,76.64649637950608,3.4166666666666665,132,229,heavy,edd,
27,1027,1996.714121915624,70,40674.03314288183,73051.3473350525,0.9903846153846154,43335.32165614244,1.0,71.30395083572078,2.9444444444444446,123,208,heavy,edd,
28,1028,2086.8717991111407,74,38189.92443996645,69619.83204886295,0.9781659388646288,40757.20600217,1.0,73.01162644864903,2.888888888888889,139,229,heavy,edd,
29,1029,2119.896840563729,78,34773.65961512406,68185.73111918783,0.9637096774193549,37319.32307336983,1.0,71.94874658425347,3.2222222222222223,144,248,heavy,edd,
0,1000,759.8560647477765,32,3835.558667790145,25792.702740485496,0.7122641509433962,6023.424725642265,0.9694033287146981,12.397659652501853,6.222222222222222,4,212,heavy,grouped,
1,1001,250.44444444444446,9,11424.732800744428,37327.410313484375,0.9090909090909091,13921.21135919348,1.0,27.716130519636955,6.222222222222222,42,242,heavy,grouped,
2,1002,358.0187548235087,13,12917.36298391085,63871.818515181,0.9194915254237288,15471.878009405527,1.0,28.729675435457,4.555555555555555,79,236,heavy,grouped,
3,1003,701.0529795047771,27,5125.759651455963,20664.306679716276,0.7808219178082192,7459.224988763826,0.9935975893815209,12.814503982348066,5.944444444444445,11,219,heavy,grouped,
4,1004,299.9166666666667,11,11108.341245297715,50144.40821653463,0.9118942731277533,13631.91554680751,1.0,25.267260828192523,6.444444444444445,11,227,heavy,grouped,
5,1005,515.6899998646235,19,10411.578318683982,50357.24249968336,0.8826291079812206,12925.374501484253,1.0,21.399970747376614,5.916666666666667,9,213,heavy,grouped,
6,1006,257.22222222222223,9,14617.535382944936,48930.53353836942,0.944,17159.885999474816,1.0,33.79866992298501,6.583333333333333,24,250,heavy,grouped,
7,1007,445.80555555555554,17,7562.3593213395625,37233.94994612239,0.8371040723981901,9970.42490725621,1.0,17.90380286538511,5.861111111111111,19,221,heavy,grouped,
8,1008,345.77777777777777,13,9226.319544220103,46672.15444924051,0.8607594936708861,11663.370767269318,1.0,23.182516530582543,6.361111111111111,26,237,heavy,grouped,
9,1009,340.6388888888889,12,10936.648381052879,48131.520211912,0.8658536585365854,13421.072481715255,1.0,25.69675549294368,6.138888888888889,35,246,heavy,grouped,
10,1010,526.4444444444445,19,5841.89075453951,40815.9388017695,0.7799043062200957,8241.712323701444,1.0,13.891153147935498,5.666666666666667,16,209,heavy,grouped,
11,1011,360.3888888888889,13,9138.84352868383,37102.95352630303,0.9339622641509434,11700.713000252625,1.0,20.51452174590378,5.277777777777778,35,212,heavy,grouped,
12,1012,530.75,19,7181.651824105222,36045.745414211924,0.8056872037914692,9613.922841603771,1.0,16.065051934339646,5.805555555555555,18,211,heavy,grouped,
13,1013,596.1181934214324,22,6177.39335584191,28039.47079759772,0.8461538461538461,8583.455387801921,1.0,16.469143753231403,6.694444444444445,16,247,heavy,grouped,
14,1014,538.9949116360884,19,9011.681328813373,32842.10433233746,0.8481012658227848,11424.409498748417,1.0,20.933545537500546,6.138888888888889,19,237,heavy,grouped,
15,1015,681.2222222222226,26,4497.270474520788,22550.75701942513,0.7623318385650224,6838.210295437708,0.9981304825391621,13.006289099780538,5.972222222222222,17,223,heavy,grouped,
16,1016,424.0,15,7616.77661218892,33253.29022614041,0.8209606986899564,10027.251993562608,1.0,18.571238061889666,6.25,23,229,heavy,grouped,
17,1017,627.153194885819,24,4888.826242983192,18531.229728990846,0.8405797101449275,7329.758270412286,0.9734221837645793,12.02787451431166,5.888888888888889,0,207,heavy,grouped,
18,1018,581.8692837348225,22,5744.614918368473,25888.68604198718,0.7904761904761904,8140.562253592418,0.993510252757988,13.622731892185225,5.916666666666667,8,210,heavy,grouped,
19,1019,198.6986157756919,6,18254.232834122224,73720.7052111711,0.9390243902439024,20833.36814317761,1.0,39.67721577078236,6.027777777777778,33,246,heavy,grouped,
20,1020,489.1388888888889,17,14759.41350260179,55360.804204817076,0.8851674641148325,17293.128409942,0.9902642999985478,28.033502867551928,4.638888888888889,49,209,heavy,grouped,
21,1021,472.86111111111154,18,6588.910124452402,35084.46555411362,0.8018867924528302,9016.194205141528,1.0,15.457051469972534,5.555555555555555,18,212,heavy,grouped,
22,1022,297.6111111111111,11,13591.562814481846,53007.18597493053,0.9347826086956522,16143.022221201923,1.0,28.972184894230534,5.805555555555555,34,230,heavy,grouped,
23,1023,675.7728033928462,24,6752.247836647904,36465.68442987352,0.8354430379746836,9181.451258125056,1.0,16.912879875495435,5.527777777777778,42,237,heavy,grouped,
24,1024,912.1944444444445,33,5107.424888543847,23457.06821794265,0.8719211822660099,7507.624853766606,0.9991813039617533,11.864307085799094,5.472222222222222,13,203,heavy,grouped,
25,1025,250.08333333333334,9,10952.831031830665,51247.76549389967,0.8789237668161435,13470.078787980869,1.0,24.007310097496195,5.361111111111111,49,223,heavy,grouped,
26,1026,367.9999999999998,13,14279.456891332204,68368.01193831685,0.8951965065502183,16777.6708883622,1.0,31.219068433755027,5.694444444444445,48,229,heavy,grouped,
27,1027,334.52777777777777,12,11686.271804817265,50993.830631419594,0.9038461538461539,14259.37351000346,1.0,24.333596493237234,6.0,14,208,heavy,grouped,
28,1028,441.19444444444446,16,7954.86011592045,31057.100302823572,0.8558951965065502,10410.217353086542,1.0,19.63863130840126,5.861111111111111,34,229,heavy,grouped,
29,1029,500.91666666666646,19,6330.61794774438,27647.397844835315,0.8145161290322581,8716.957507922774,1.0,16.892799012709883,5.861111111111111,45,248,heavy,grouped,
0,1000,1672.7222222222224,66,13746.802221759594,67146.88830058853,0.6745283018867925,15911.405647779251,1.0,26.83261323274495,5.361111111111111,28,212,heavy,opt,0.0
1,1001,1418.0192518285544,58,18502.34815379525,70238.96444603323,0.756198347107438,20832.730874206365,1.0,40.15413236703706,4.777777777777778,82,242,heavy,opt,0.0
2,1002,1594.5833333333333,63,15395.743088799558,63657.92177687358,0.7415254237288136,17764.756720711594,1.0,32.96797328568208,4.777777777777778,74,236,heavy,opt,0.0
3,1003,1740.3333333333333,71,10466.180634269956,62068.572844862196,0.6529680365296804,12703.054815080555,1.0,21.636099136386402,5.055555555555555,43,219,heavy,opt,0.0
4,1004,1460.128774667438,56,17240.713838780495,60447.35360011307,0.7577092511013216,19609.050621902217,1.0,35.35578307052554,4.805555555555555,65,227,heavy,opt,0.0
5,1005,1423.4766668020432,58,13955.887294119193,51626.61338930392,0.7089201877934272,16319.454876087242,1.0,27.140950375351654,4.694444444444445,52,213,heavy,opt,0.0
6,1006,1501.361111111111,62,19588.97715901782,77058.48336776273,0.808,22006.209241398832,1.0,42.90537844640726,4.916666666666667,82,250,heavy,opt,0.0
7,1007,1527.1418112663218,60,15339.410616519397,55974.98448165113,0.7828054298642534,17746.725463862647,1.0,30.56369485757396,4.805555555555555,53,221,heavy,opt,0.0
8,1008,1487.6944444444443,59,16919.567976360206,62785.18557144755,0.8270042194092827,19326.11298141105,1.0,37.091390815958576,4.916666666666667,73,237,heavy,opt,0.0
9,1009,1560.666666666667,68,15777.829466278927,73522.72376445815,0.7601626016260162,18144.091354089906,1.0,34.73428563435924,5.0,74,246,heavy,opt,0.0
10,1010,1523.3888888888885,60,12010.039868363057,53807.53634317689,0.7081339712918661,14359.34128197569,1.0,23.591542938758415,4.777777777777778,44,209,heavy,opt,0.0
11,1011,1514.8333333333333,60,16300.032464275873,64463.042324197304,0.7641509433962265,18710.102693920428,1.0,31.654878032298196,4.416666666666667,64,212,heavy,opt,0.0
12,1012,1561.6336998472607,62,13955.793908096197,55431.8152801659,0.7535545023696683,16349.99945099455,1.0,27.241264114964245,4.75,51,211,heavy,opt,0.0
13,1013,1646.8611111111115,67,12607.31894717987,67846.29252364597,0.7165991902834008,14866.407904782114,1.0,28.73404357368616,5.388888888888889,62,247,heavy,opt,0.0
14,1014,1626.1060227471996,66,13524.544943544272,68427.44816980627,0.7383966244725738,15825.217141527015,1.0,29.06445637836727,5.222222222222222,54,237,heavy,opt,0.0
15,1015,1682.4166666666663,68,12378.10436082915,67008.16203412433,0.6860986547085202,14620.503757908726,1.0,25.6688608044114,5.277777777777778,40,223,heavy,opt,0.0
16,1016,1461.8358863962899,57,14651.860019509917,61356.08548471806,0.6986899563318777,16944.63808744736,1.0,31.166808000454566,5.0,62,229,heavy,opt,0.0
17,1017,1673.4444444444446,66,12234.366820298908,64135.351916109605,0.6908212560386473,14518.483054314214,1.0,23.432481692793587,5.194444444444445,29,207,heavy,opt,0.0
18,1018,1672.7954039717124,62,13606.337028966911,60578.63497040847,0.719047619047619,15930.432970047912,1.0,26.361260536349807,4.666666666666667,49,210,heavy,opt,0.0
19,1019,1569.420837997914,62,21439.186346772596,72547.22482912969,0.8455284552845529,23892.269528397654,1.0,46.29554286389889,4.583333333333333,88,246,heavy,opt,0.0
20,1020,1553.8888888888885,60,14229.917497166482,60192.58062862081,0.7464114832535885,16616.430717887048,1.0,27.17179366393691,4.583333333333333,52,209,heavy,opt,0.0
21,1021,1586.8041621223852,62,14394.164072916448,71875.67186841212,0.7358490566037735,16776.506739866694,1.0,27.873093574195988,4.416666666666667,63,212,heavy,opt,0.0
22,1022,1540.3333333333337,62,20431.60382409231,71728.04501407592,0.8,22867.224877846296,1.0,41.046771602615785,4.555555555555555,74,230,heavy,opt,0.0
23,1023,1677.3055555555559,65,9866.330449090985,53571.96466124503,0.7088607594936709,12182.518955692896,1.0,22.75643040739581,5.194444444444445,59,237,heavy,opt,0.0
24,1024,1734.4166666666663,70,9025.654239694682,58865.40577625968,0.5517241379310345,11143.671819219473,1.0,17.71935302814224,5.0,27,203,heavy,opt,0.0
25,1025,1370.5684487072674,53,15776.613310297947,59676.97322218027,0.7713004484304933,18184.280750752507,1.0,31.995874387696787,4.638888888888889,64,223,heavy,opt,0.0
26,1026,1525.888888888889,62,17111.552096681924,60179.72705837604,0.8209606986899564,19508.627818567053,1.0,37.84982917313522,4.916666666666667,68,229,heavy,opt,0.0
27,1027,1466.2222222222224,59,20540.12473330652,61085.769272854,0.8653846153846154,23073.18321888867,1.0,38.30217290788035,4.333333333333333,64,208,heavy,opt,0.0
28,1028,1594.6666666666667,63,13882.379182098215,61618.44728086189,0.7467248908296943,16192.544881331205,1.0,29.53672014000643,4.972222222222222,60,229,heavy,opt,0.0
29,1029,1730.3055555555557,70,13083.313896265747,65531.35869353404,0.717741935483871,15391.073812328597,1.0,29.75262805200498,5.166666666666667,70,248,heavy,opt,0.0
0,1000,1672.7222222222224,66,13746.802221759594,67146.88830058853,0.6745283018867925,15911.405647779251,1.0,26.83261323274495,5.361111111111111,28,212,heavy,opt,0.3
1,1001,1418.0192518285544,58,18502.34815379525,70238.96444603323,0.756198347107438,20832.730874206365,1.0,40.15413236703706,4.777777777777778,82,242,heavy,opt,0.3
2,1002,1594.5833333333333,63,15395.743088799558,63657.92177687358,0.7415254237288136,17764.756720711594,1.0,32.96797328568208,4.777777777777778,74,236,heavy,opt,0.3
3,1003,1740.3333333333333,71,10466.180634269956,62068.572844862196,0.6529680365296804,12703.054815080555,1.0,21.636099136386402,5.055555555555555,43,219,heavy,opt,0.3
4,1004,1460.128774667438,56,17240.713838780495,60447.35360011307,0.7577092511013216,19609.050621902217,1.0,35.35578307052554,4.805555555555555,65,227,heavy,opt,0.3
5,1005,1423.4766668020432,58,13955.887294119193,51626.61338930392,0.7089201877934272,16319.454876087242,1.0,27.140950375351654,4.694444444444445,52,213,heavy,opt,0.3
6,1006,1501.361111111111,62,19588.97715901782,77058.48336776273,0.808,22006.209241398832,1.0,42.90537844640726,4.916666666666667,82,250,heavy,opt,0.3
7,1007,1527.1418112663218,60,15339.410616519397,55974.98448165113,0.7828054298642534,17746.725463862647,1.0,30.56369485757396,4.805555555555555,53,221,heavy,opt,0.3
8,1008,1459.0277777777778,58,16514.279517336858,62695.08200753287,0.8396624472573839,18927.463021383075,1.0,36.09226241683334,4.944444444444445,72,237,heavy,opt,0.3
9,1009,1636.3888888888894,68,15775.590796010338,74487.95064882148,0.7967479674796748,18133.902865722608,1.0,34.608284582841414,4.944444444444445,75,246,heavy,opt,0.3
10,1010,1523.3888888888885,60,12010.039868363057,53807.53634317689,0.7081339712918661,14359.34128197569,1.0,23.591542938758415,4.777777777777778,44,209,heavy,opt,0.3
11,1011,1514.8333333333333,60,16300.032464275873,64463.042324197304,0.7641509433962265,18710.102693920428,1.0,31.654878032298196,4.416666666666667,64,212,heavy,opt,0.3
12,1012,1561.6336998472607,62,13955.793908096197,55431.8152801659,0.7535545023696683,16349.99945099455,1.0,27.241264114964245,4.75,51,211,heavy,opt,0.3
13,1013,1646.8611111111115,67,12607.31894717987,67846.29252364597,0.7165991902834008,14866.407904782114,1.0,28.73404357368616,5.388888888888889,62,247,heavy,opt,0.3
14,1014,1626.1060227471996,66,13524.544943544272,68427.44816980627,0.7383966244725738,15825.217141527015,1.0,29.06445637836727,5.222222222222222,54,237,heavy,opt,0.3
15,1015,1682.4166666666663,68,12378.10436082915,67008.16203412433,0.6860986547085202,14620.503757908726,1.0,25.6688608044114,5.277777777777778,40,223,heavy,opt,0.3
16,1016,1461.8358863962899,57,14651.860019509917,61356.08548471806,0.6986899563318777,16944.63808744736,1.0,31.166808000454566,5.0,62,229,heavy,opt,0.3
17,1017,1673.4444444444446,66,12234.366820298908,64135.351916109605,0.6908212560386473,14518.483054314214,1.0,23.432481692793587,5.194444444444445,29,207,heavy,opt,0.3
18,1018,1672.7954039717124,62,13606.337028966911,60578.63497040847,0.719047619047619,15930.432970047912,1.0,26.361260536349807,4.666666666666667,49,210,heavy,opt,0.3
19,1019,1569.420837997914,62,21439.186346772596,72547.22482912969,0.8455284552845529,23892.269528397654,1.0,46.29554286389889,4.583333333333333,88,246,heavy,opt,0.3
20,1020,1514.25,58,13750.071071765828,59101.10410416528,0.7464114832535885,16128.028804011446,1.0,26.384170207146788,4.583333333333333,52,209,heavy,opt,0.3
21,1021,1586.8041621223852,62,14394.164072916448,71875.67186841212,0.7358490566037735,16776.506739866694,1.0,27.873093574195988,4.416666666666667,63,212,heavy,opt,0.3
22,1022,1540.3333333333337,62,20431.60382409231,71728.04501407592,0.8,22867.224877846296,1.0,41.046771602615785,4.555555555555555,74,230,heavy,opt,0.3
23,1023,1734.9771966071535,65,10229.63542704887,53571.96466124503,0.7172995780590717,12561.767900840576,1.0,23.26746988510746,5.083333333333333,59,237,heavy,opt,0.3
24,1024,1734.4166666666663,70,9025.654239694682,58865.40577625968,0.5517241379310345,11143.671819219473,1.0,17.71935302814224,5.0,27,203,heavy,opt,0.3
25,1025,1370.5684487072674,53,15776.613310297947,59676.97322218027,0.7713004484304933,18184.280750752507,1.0,31.995874387696787,4.638888888888889,64,223,heavy,opt,0.3
26,1026,1525.888888888889,62,17111.552096681924,60179.72705837604,0.8209606986899564,19508.627818567053,1.0,37.84982917313522,4.916666666666667,68,229,heavy,opt,0.3
27,1027,1466.2222222222224,59,20540.12473330652,61085.769272854,0.8653846153846154,23073.18321888867,1.0,38.30217290788035,4.333333333333333,64,208,heavy,opt,0.3
28,1028,1594.6666666666667,63,13882.379182098215,61618.44728086189,0.7467248908296943,16192.544881331205,1.0,29.53672014000643,4.972222222222222,60,229,heavy,opt,0.3
29,1029,1730.3055555555557,70,13083.313896265747,65531.35869353404,0.717741935483871,15391.073812328597,1.0,29.75262805200498,5.166666666666667,70,248,heavy,opt,0.3
0,1000,1708.9722222222222,67,12604.014383898464,66467.0058763955,0.6273584905660378,14805.285778524441,1.0,24.681625578423965,5.361111111111111,32,212,heavy,opt,1.0
1,1001,1418.0192518285544,58,18502.34815379525,70238.96444603323,0.756198347107438,20832.730874206365,1.0,40.15413236703706,4.777777777777778,82,242,heavy,opt,1.0
2,1002,1594.5833333333333,63,15395.743088799558,63657.92177687358,0.7415254237288136,17764.756720711594,1.0,32.96797328568208,4.777777777777778,74,236,heavy,opt,1.0
3,1003,1740.3333333333333,70,10162.32682625807,62068.572844862196,0.6894977168949772,12427.388148413887,1.0,21.16754203762096,5.055555555555555,43,219,heavy,opt,1.0
4,1004,1460.128774667438,56,17240.713838780495,60447.35360011307,0.7577092511013216,19609.050621902217,1.0,35.35578307052554,4.805555555555555,65,227,heavy,opt,1.0
5,1005,1423.4766668020432,58,13955.887294119193,51626.61338930392,0.7089201877934272,16319.454876087242,1.0,27.140950375351654,4.694444444444445,52,213,heavy,opt,1.0
6,1006,1501.361111111111,62,19588.97715901782,77058.48336776273,0.808,22006.209241398832,1.0,42.90537844640726,4.916666666666667,82,250,heavy,opt,1.0
7,1007,1527.1418112663218,60,15339.410616519397,55974.98448165113,0.7828054298642534,17746.725463862647,1.0,30.56369485757396,4.805555555555555,53,221,heavy,opt,1.0
8,1008,1459.0277777777778,58,16514.279517336858,62695.08200753287,0.8396624472573839,18927.463021383075,1.0,36.09226241683334,4.944444444444445,72,237,heavy,opt,1.0
9,1009,1636.3888888888894,68,15775.590796010338,74487.95064882148,0.7967479674796748,18133.902865722608,1.0,34.608284582841414,4.944444444444445,75,246,heavy,opt,1.0
10,1010,1523.3888888888885,60,12010.039868363057,53807.53634317689,0.7081339712918661,14359.34128197569,1.0,23.591542938758415,4.777777777777778,44,209,heavy,opt,1.0
11,1011,1514.8333333333333,60,16300.032464275873,64463.042324197304,0.7641509433962265,18710.102693920428,1.0,31.654878032298196,4.416666666666667,64,212,heavy,opt,1.0
12,1012,1539.4444444444443,62,12589.052459339924,53344.81612181415,0.7061611374407583,14885.719257473262,1.0,24.857289417178816,4.916666666666667,45,211,heavy,opt,1.0
13,1013,1646.8611111111115,67,12607.31894717987,67846.29252364597,0.7165991902834008,14866.407904782114,1.0,28.73404357368616,5.388888888888889,62,247,heavy,opt,1.0
14,1014,1586.550467191644,63,12445.020156989414,66366.26498870546,0.7510548523206751,14771.122768690722,1.0,27.05369248947839,5.222222222222222,52,237,heavy,opt,1.0
15,1015,1682.4166666666663,68,12378.10436082915,67008.16203412433,0.6860986547085202,14620.503757908726,1.0,25.6688608044114,5.277777777777778,40,223,heavy,opt,1.0
16,1016,1467.0277777777778,56,14261.055488904633,59709.08548471806,0.7336244541484717,16558.66072421825,1.0,30.11517148880127,4.972222222222222,60,229,heavy,opt,1.0
17,1017,1673.4444444444446,66,12234.366820298908,64135.351916109605,0.6908212560386473,14518.483054314214,1.0,23.432481692793587,5.194444444444445,29,207,heavy,opt,1.0
18,1018,1672.7954039717124,62,13606.337028966911,60578.63497040847,0.719047619047619,15930.432970047912,1.0,26.361260536349807,4.666666666666667,49,210,heavy,opt,1.0
19,1019,1569.420837997914,62,21439.186346772596,72547.22482912969,0.8455284552845529,23892.269528397654,1.0,46.29554286389889,4.583333333333333,88,246,heavy,opt,1.0
20,1020,1451.9166666666667,55,13026.451620732041,56525.697332597265,0.7129186602870813,15345.157581776692,1.0,25.133961214499692,4.666666666666667,49,209,heavy,opt,1.0
21,1021,1555.916666666667,62,13140.753971553748,68421.67186841212,0.6745283018867925,15450.924658221636,1.0,25.641648350572805,4.583333333333333,55,212,heavy,opt,1.0
22,1022,1540.3333333333337,62,20431.60382409231,71728.04501407592,0.8,22867.224877846296,1.0,41.046771602615785,4.555555555555555,74,230,heavy,opt,1.0
23,1023,1645.2172478372906,63,8973.680259981087,52486.36235764991,0.6835443037974683,11233.652465584393,1.0,20.81538735895556,5.222222222222222,57,237,heavy,opt,1.0
24,1024,1564.8333333333333,62,7019.791582495636,47787.59402247908,0.5714285714285714,9147.367187291009,1.0,14.486963776637166,5.194444444444445,21,203,heavy,opt,1.0
25,1025,1370.5684487072674,53,15776.613310297947,59676.97322218027,0.7713004484304933,18184.280750752507,1.0,31.995874387696787,4.638888888888889,64,223,heavy,opt,1.0
26,1026,1525.888888888889,62,17111.552096681924,60179.72705837604,0.8209606986899564,19508.627818567053,1.0,37.84982917313522,4.916666666666667,68,229,heavy,opt,1.0
27,1027,1444.2303225288206,56,19049.35201952733,58504.22941770009,0.8365384615384616,21585.012945917875,1.0,35.54773296360624,4.388888888888889,62,208,heavy,opt,1.0
28,1028,1594.6666666666667,63,13882.379182098215,61618.44728086189,0.7467248908296943,16192.544881331205,1.0,29.53672014000643,4.972222222222222,60,229,heavy,opt,1.0
29,1029,1724.8135072303953,68,12586.788400550256,64570.35869353404,0.717741935483871,14903.106070393114,1.0,28.734803977930913,5.166666666666667,70,248,heavy,opt,1.0
0,1000,1697.138888888889,67,12451.829181716308,66467.0058763955,0.5990566037735849,14599.500680465548,1.0,24.345001806907874,5.444444444444445,29,212,heavy,opt,3.0
1,1001,1395.111111111111,58,18200.146615517104,68411.96444603323,0.756198347107438,20530.52933592822,1.0,39.58983628475843,4.888888888888889,78,242,heavy,opt,3.0
2,1002,1512.1020881568418,59,13910.557180036878,58821.59695051989,0.7669491525423728,16304.588821848165,1.0,29.906664063663197,4.75,69,236,heavy,opt,3.0
3,1003,1596.4513217734755,66,7598.621009538846,55483.784766756115,0.5342465753424658,9647.740086633521,0.992208700492632,16.496840451742077,5.388888888888889,31,219,heavy,opt,3.0
4,1004,1455.1843302229936,57,17128.074533588133,60447.35360011307,0.7709251101321586,19493.65414613129,1.0,35.14535097176011,4.805555555555555,65,227,heavy,opt,3.0
5,1005,1413.8333333333333,57,12184.667692782541,49825.97015631308,0.7230046948356808,14555.548397488574,1.0,24.075121672023982,4.972222222222222,40,213,heavy,opt,3.0
6,1006,1496.4220256317033,61,19608.559557917044,77017.48336776273,0.816,22008.025241398835,1.0,42.875937252208004,4.833333333333333,82,250,heavy,opt,3.0
7,1007,1501.7500000000002,61,13458.619115693094,50996.90064881777,0.7239819004524887,15778.292262356092,1.0,27.182618259412116,5.194444444444445,41,221,heavy,opt,3.0
8,1008,1459.0277777777778,58,16514.279517336858,62695.08200753287,0.8396624472573839,18927.463021383075,1.0,36.09226241683334,4.944444444444445,72,237,heavy,opt,3.0
9,1009,1490.3888888888894,58,13705.525755676246,71413.45389233995,0.7845528455284553,16096.511326631338,1.0,30.77513478190478,5.305555555555555,65,246,heavy,opt,3.0
10,1010,1484.1176068657562,57,11056.079337751504,52483.63779916923,0.6172248803827751,13301.943843643963,1.0,21.88632639083148,4.888888888888889,40,209,heavy,opt,3.0
11,1011,1502.7438841547644,58,16015.630864547325,62865.042324197304,0.7311320754716981,18419.79552732474,1.0,31.15929069187932,4.527777777777778,60,212,heavy,opt,3.0
12,1012,1450.8055555555557,58,11521.505570320354,50221.47613413882,0.6919431279620853,13876.659729432997,1.0,23.011071722776798,4.888888888888889,42,211,heavy,opt,3.0
13,1013,1607.437362134123,65,11238.436004877642,62205.26114539898,0.708502024291498,13473.972963423419,1.0,25.957628214769507,5.777777777777778,48,247,heavy,opt,3.0
14,1014,1630.5,69,13404.653846229616,65749.47368581986,0.7257383966244726,15698.940561175526,1.0,28.750396322957553,5.25,51,237,heavy,opt,3.0
15,1015,1670.388888888889,67,11337.046353306816,65898.16203412433,0.6816143497757847,13605.077748940115,1.0,23.769852892416342,5.305555555555555,40,223,heavy,opt,3.0
16,1016,1467.0277777777778,56,14261.055488904633,59709.08548471806,0.7336244541484717,16558.66072421825,1.0,30.11517148880127,4.972222222222222,60,229,heavy,opt,3.0
17,1017,1644.5976393302635,65,12095.494081654133,62405.95935210254,0.642512077294686,14375.34544569532,1.0,23.17406699335169,5.111111111111111,28,207,heavy,opt,3.0
18,1018,1666.666666666667,64,13711.66211985245,60939.42868410182,0.719047619047619,16035.758060933449,1.0,26.531926192877297,4.722222222222222,47,210,heavy,opt,3.0
19,1019,1494.7222222222222,59,19540.96707729233,70822.27201682163,0.8048780487804879,21962.61221268972,1.0,42.20391825358852,4.666666666666667,86,246,heavy,opt,3.0
20,1020,1593.833333333333,62,13462.70037294263,59065.85082435349,0.6889952153110048,15817.122238016716,0.9933970160479305,25.632867914369946,4.555555555555555,52,209,heavy,opt,3.0
21,1021,1606.8055555555559,63,13196.989297826934,68951.67186841212,0.7122641509433962,15535.113337466919,1.0,25.66514449507271,4.527777777777778,55,212,heavy,opt,3.0
22,1022,1532.388888888889,62,18298.768860622993,69405.62724305083,0.7869565217391304,20720.153760759622,1.0,37.06868242877368,4.75,67,230,heavy,opt,3.0
23,1023,1458.0327521627094,59,5846.866791944441,45231.784722420954,0.620253164556962,8052.275554140731,1.0,14.887731888783572,5.555555555555555,44,237,heavy,opt,3.0
24,1024,1536.2777777777778,61,6536.321927313382,43680.3314454459,0.6206896551724138,8702.34350889899,1.0,13.7563094038472,5.222222222222222,20,203,heavy,opt,3.0
25,1025,1370.5684487072674,53,15776.613310297947,59676.97322218027,0.7713004484304933,18184.280750752507,1.0,31.995874387696787,4.638888888888889,64,223,heavy,opt,3.0
26,1026,1550.777777777778,63,16250.518628768623,60179.72705837604,0.7903930131004366,18639.806609611387,1.0,35.96573195091298,4.916666666666667,67,229,heavy,opt,3.0
27,1027,1455.8333333333335,57,19170.63567337348,58504.22941770009,0.8365384615384616,21706.296599764028,1.0,35.74238574138401,4.388888888888889,62,208,heavy,opt,3.0
28,1028,1588.4444444444443,63,13710.3178805397,61379.44728086189,0.7685589519650655,16065.339641156534,1.0,29.18345625111754,4.972222222222222,60,229,heavy,opt,3.0
29,1029,1739.1666666666667,71,12585.50849292646,64540.35869353404,0.7217741935483871,14901.743167167308,1.0,28.699803977930912,5.166666666666667,70,248,heavy,opt,3.0
0,1000,1697.138888888889,67,12451.829181716308,66467.0058763955,0.5990566037735849,14599.500680465548,1.0,24.345001806907874,5.444444444444445,29,212,heavy,opt,10.0
1,1001,1395.2777777777774,60,16956.42830784252,64955.964446033235,0.7355371900826446,19302.549015298257,1.0,37.16502498439869,5.111111111111111,69,242,heavy,opt,10.0
2,1002,1367.027777777778,55,11409.751819971996,53620.65585841132,0.7542372881355932,13781.329295307756,1.0,25.311839617185296,5.027777777777778,59,236,heavy,opt,10.0
3,1003,1561.479099551253,67,7512.949825369024,55251.133047344236,0.547945205479452,9578.259080598484,0.992208700492632,16.379430418395827,5.416666666666667,30,219,heavy,opt,10.0
4,1004,1364.25,54,14969.31022929575,56925.989488140855,0.7665198237885462,17336.079448122975,1.0,30.935061955958513,4.916666666666667,61,227,heavy,opt,10.0
5,1005,1357.861111111111,57,9727.088526294283,47615.655478172135,0.6431924882629108,12002.11797499912,1.0,19.88258154875521,5.111111111111111,38,213,heavy,opt,10.0
6,1006,1443.9668632571857,60,17530.596631191867,71561.48336776273,0.808,19968.301871544623,1.0,38.791817824354276,5.138888888888889,76,250,heavy,opt,10.0
7,1007,1431.5555555555554,58,10865.454981943472,49528.347003902265,0.7601809954751131,13207.470637117858,1.0,22.77063238930043,5.361111111111111,37,221,heavy,opt,10.0
8,1008,1443.888888888889,57,15346.012916641652,60250.041480903325,0.7890295358649789,17715.445801749072,1.0,33.370279392142,4.944444444444445,70,237,heavy,opt,10.0
9,1009,1436.9166666666667,59,12524.925944647573,65210.338918144465,0.7154471544715447,14879.114873596458,1.0,28.466650773829304,5.416666666666667,61,246,heavy,opt,10.0
10,1010,1382.5555555555557,54,7617.152793842061,47128.35630140896,0.6698564593301436,9911.472088060245,1.0,16.33835060743388,5.166666666666667,34,209,heavy,opt,10.0
11,1011,1438.1666666666667,55,13622.056813303914,56215.96105219799,0.7547169811320755,16060.362516495894,1.0,26.955175275560972,4.861111111111111,50,212,heavy,opt,10.0
12,1012,1377.6718557082947,54,8145.08869774298,45655.198497530495,0.6587677725118484,10439.931694944937,1.0,17.346169743405902,5.527777777777778,28,211,heavy,opt,10.0
13,1013,1478.861111111111,60,8205.011704562683,56050.20008477871,0.6153846153846154,10356.768630544995,1.0,19.848837973582796,5.972222222222222,42,247,heavy,opt,10.0
14,1014,1452.888888888889,59,8444.122539107699,58040.6536664546,0.6666666666666666,10705.713004645517,1.0,19.619262596895716,5.694444444444445,35,237,heavy,opt,10.0
15,1015,1655.7618165155861,66,9848.872023152839,62195.73384303671,0.6322869955156951,12070.337269241438,1.0,21.0690031472558,5.444444444444445,35,223,heavy,opt,10.0
16,1016,1430.388888888889,55,11645.474703909793,54787.08548471806,0.7030567685589519,13936.549996584474,1.0,25.14018975763666,5.083333333333333,53,229,heavy,opt,10.0
17,1017,1580.4587504413746,64,10336.589584405334,59837.33299344721,0.5942028985507246,12510.16684681503,1.0,20.090405843782943,5.138888888888889,26,207,heavy,opt,10.0
18,1018,1277.0277777777778,50,5927.24015043578,39148.51699166882,0.6857142857142857,8218.657870198194,1.0,13.575980962302616,5.444444444444445,25,210,heavy,opt,10.0
19,1019,1303.5277777777778,52,17790.382941244665,64698.03237014818,0.8048780487804879,20201.434169370208,1.0,38.68614202938635,4.888888888888889,78,246,heavy,opt,10.0
20,1020,1406.8140236382994,53,10568.703803580629,49438.444052785475,0.7177033492822966,12905.077105398708,0.9952257197516342,20.862821950079393,4.722222222222222,41,209,heavy,opt,10.0
21,1021,1544.3611111111115,61,11558.80522357761,61951.4654513076,0.6933962264150944,13879.833852476491,1.0,22.948715090613064,4.666666666666667,50,212,heavy,opt,10.0
22,1022,1393.7157021029207,56,14870.507352675495,60127.861967345685,0.7521739130434782,17230.40819930059,1.0,30.874058157831552,5.305555555555555,52,230,heavy,opt,10.0
23,1023,1434.6944444444441,58,5170.186387186487,44340.962966170744,0.620253164556962,7359.352700506005,1.0,13.551844543104563,5.555555555555555,40,237,heavy,opt,10.0
24,1024,1366.8806585284165,54,5445.103062503784,30411.899594170332,0.7044334975369458,7663.296811471267,0.9905238965543459,12.108145105969207,5.416666666666667,15,203,heavy,opt,10.0
25,1025,1257.1795598183785,49,14082.395742839151,55897.11263408051,0.7623318385650224,16481.59128471767,1.0,28.73667519727062,4.805555555555555,57,223,heavy,opt,10.0
26,1026,1481.9166666666665,59,14108.406196514841,57164.631818109134,0.759825327510917,16469.15059474946,1.0,30.35744359788418,5.0,63,229,heavy,opt,10.0
27,1027,1273.3530108045127,50,13966.32553279163,54904.237947966685,0.8221153846153846,16458.003125666135,1.0,26.7901631903627,4.861111111111111,45,208,heavy,opt,10.0
28,1028,1497.6004231110815,60,12597.878040728992,57787.614656778576,0.7161572052401747,14923.653377820274,1.0,26.92726026346323,4.972222222222222,57,229,heavy,opt,10.0
29,1029,1360.8055555555557,55,6915.64733969241,45306.71190744861,0.6854838709677419,9211.300819290182,1.0,17.87371831224011,5.777777777777778,48,248,heavy,opt,10.0
0,1000,914.5277777777778,37,6324.596773121587,23895.5549331013,0.7169811320754716,8565.97141658618,1.0,14.46069354400725,5.888888888888889,14,212,heavy,opt,30.0
1,1001,1169.7222222222222,49,11488.877899232102,51475.96444603322,0.731404958677686,13817.742534923333,1.0,26.447878548391774,6.0,50,242,heavy,opt,30.0
2,1002,1000.6111111111113,41,7106.64049400389,38024.852671575674,0.7966101694915254,9531.297746641672,1.0,17.479421056342755,5.75,33,236,heavy,opt,30.0
3,1003,1103.9696461714439,46,5261.3762577659745,32118.602516705738,0.6575342465753424,7453.121807105067,0.992208700492632,12.788341970131484,5.666666666666667,21,219,heavy,opt,30.0
4,1004,1059.9166666666667,41,8462.97977902413,47407.79155091905,0.7533039647577092,10832.535541024832,1.0,19.733138441520698,5.777777777777778,35,227,heavy,opt,30.0
5,1005,842.3888888888889,35,6200.777128995099,23077.201415346033,0.8169014084507042,8651.053937920926,1.0,14.375045747075767,5.694444444444445,17,213,heavy,opt,30.0
6,1006,1295.2446410349633,54,14283.539106029373,64294.00134874099,0.82,16700.734990291032,1.0,32.91296195773853,5.611111111111111,59,250,heavy,opt,30.0
7,1007,876.3333333333334,35,5292.846500356763,37194.32500108701,0.8371040723981901,7728.777848432684,1.0,13.77705903822462,5.861111111111111,19,221,heavy,opt,30.0
8,1008,1210.6944444444443,48,10138.937679332637,50432.22950347535,0.8059071729957806,12514.572670472782,1.0,23.617616002695577,5.75,47,237,heavy,opt,30.0
9,1009,1261.1666666666667,51,9578.765766351076,59377.8658586238,0.7276422764227642,11926.974294979618,1.0,22.863050601454745,5.75,49,246,heavy,opt,30.0
10,1010,718.7435042453549,30,4587.478033385946,19458.879730911125,0.8086124401913876,7016.506272929523,1.0,11.915319316057941,5.777777777777778,12,209,heavy,opt,30.0
11,1011,1165.9722222222222,47,9383.73686561615,43370.066894748685,0.7877358490566038,11833.051584354378,1.0,20.064682084094912,5.25,36,212,heavy,opt,30.0
12,1012,717.1718557082947,28,5412.011091342999,23198.282259797415,0.8104265402843602,7824.28303117723,1.0,13.08766767508039,5.805555555555555,18,211,heavy,opt,30.0
13,1013,1217.7015267547654,49,5641.328417612651,35406.4853903843,0.6761133603238867,7855.1849238550085,1.0,15.081159149875806,6.388888888888889,27,247,heavy,opt,30.0
14,1014,1197.0782449694218,48,7245.007991861872,47942.22778310314,0.6708860759493671,9458.674611875032,1.0,17.338798869375623,5.861111111111111,29,237,heavy,opt,30.0
15,1015,1182.4840387378083,49,7016.847429578409,41872.74572700655,0.757847533632287,9319.255512705387,1.0,16.414171112475398,5.916666666666667,18,223,heavy,opt,30.0
16,1016,902.6641136037101,37,5342.045473393966,26939.680934817166,0.7379912663755459,7672.8188764423785,1.0,14.411012878089249,6.194444444444445,25,229,heavy,opt,30.0
17,1017,636.1809726635968,26,5146.398853713114,19141.341152566965,0.8164251207729468,7572.627835629678,0.9748496529003818,12.204058812028567,5.861111111111111,0,207,heavy,opt,30.0
18,1018,706.25,28,4588.69815009872,15382.112552162762,0.7952380952380952,7007.32572372227,0.9998262690134466,11.786468996562308,5.611111111111111,19,210,heavy,opt,30.0
19,1019,975.9444444444445,39,11023.382790339623,54107.315333525185,0.8089430894308943,13438.33866139357,1.0,25.64035425443301,5.611111111111111,48,246,heavy,opt,30.0
20,1020,1344.5084680827442,48,9697.936263699077,45236.444052785475,0.722488038277512,12041.83481352392,0.9952257197516343,19.470710538028232,4.916666666666667,34,209,heavy,opt,30.0
21,1021,689.1388888888893,30,5382.140538417416,20782.487607171162,0.7688679245283019,7775.443495279349,1.0,13.147783333469572,5.638888888888889,15,212,heavy,opt,30.0
22,1022,1214.4722222222222,49,11129.531328858266,53016.58109281074,0.8,13534.093338288603,1.0,24.31424011745535,5.611111111111111,41,230,heavy,opt,30.0
23,1023,1266.3333333333333,49,4357.918258676509,36939.432639619044,0.6497890295358649,6580.830376545772,1.0,12.128157885862468,5.833333333333333,30,237,heavy,opt,30.0
24,1024,904.4098916592715,36,3662.7033954262643,17341.370075874947,0.7241379310344828,5940.227850605215,0.9901153502018055,9.409202212020062,5.583333333333333,9,203,heavy,opt,30.0
25,1025,1181.014884626066,48,12562.500807364413,49991.63985091328,0.7757847533632287,14968.888687261651,1.0,26.09296872763032,5.083333333333333,52,223,heavy,opt,30.0
26,1026,1060.6388888888891,44,7474.9285175289,43803.970263601455,0.7641921397379913,9823.881386563784,1.0,18.23419346529951,6.083333333333333,34,229,heavy,opt,30.0
27,1027,1095.2222222222222,43,10832.545374851312,49274.3688581468,0.7451923076923077,13252.790383676833,1.0,21.64720279598232,5.083333333333333,39,208,heavy,opt,30.0
28,1028,926.5,38,4962.172208492581,30969.288468485756,0.759825327510917,7319.0194989031115,1.0,14.051329544450583,6.027777777777778,28,229,heavy,opt,30.0
29,1029,1182.24204832516,49,6004.159162681223,40110.68125019934,0.7217741935483871,8315.57042656011,1.0,16.1596663261517,6.055555555555555,38,248,heavy,opt,30.0
0,1000,786.161620303332,34,4798.4760374025855,25125.1224664037,0.7783018867924528,7066.1149759792925,0.983593143529513,13.493220045483637,6.166666666666667,4,212,heavy,opt,100.0
1,1001,473.38036293966553,21,8483.940822200802,30873.666658989343,0.8512396694214877,10931.060962551253,1.0,21.841744748129095,6.638888888888889,27,242,heavy,opt,100.0
2,1002,590.1576437123975,23,7837.884579217902,33769.885598169945,0.8432203389830508,10323.255698179031,1.0,18.921566708833627,6.0,24,236,heavy,opt,100.0
3,1003,706.941868393666,31,6370.110830667244,30923.900854811058,0.7625570776255708,8663.345168474576,0.992208700492632,14.833395335408667,6.0,9,219,heavy,opt,100.0
4,1004,494.5833333333337,19,7215.248019556761,26198.946383913906,0.8722466960352423,9679.398163615873,1.0,18.349047510410873,5.944444444444445,29,227,heavy,opt,100.0
5,1005,488.4166666666667,19,7489.7360515520195,37847.11862038165,0.8967136150234741,9998.748210061232,1.0,16.5900062406397,5.5,24,213,heavy,opt,100.0
6,1006,778.6944444444445,33,10548.17697681316,43589.578439971476,0.808,12950.653793964546,1.0,25.67900903272601,6.0,45,250,heavy,opt,100.0
7,1007,509.3333333333333,22,7448.05897863981,30016.54978407023,0.7873303167420814,9866.55446529857,1.0,17.726678114824626,5.5,32,221,heavy,opt,100.0
8,1008,387.77890351748727,17,9628.137253264273,35118.56107701396,0.9156118143459916,12118.289457055529,1.0,23.86189747198657,5.833333333333333,44,237,heavy,opt,100.0
9,1009,542.0175517123672,24,9338.573737501572,37074.641373795675,0.8211382113821138,11768.695907597761,1.0,22.562614773553992,6.694444444444445,15,246,heavy,opt,100.0
10,1010,501.9935042453548,21,5686.424354804557,27593.438976717196,0.8277511961722488,8129.333022934261,1.0,13.709924182963732,5.277777777777778,30,209,heavy,opt,100.0
11,1011,412.6666666666667,16,7786.159969316424,28299.056861916964,0.8632075471698113,10276.082827651539,1.0,18.184108191957552,5.833333333333333,15,212,heavy,opt,100.0
12,1012,603.5833333333334,23,6278.249495170089,23198.282259797415,0.8436018957345972,8729.078927042126,1.0,14.560753585786355,5.666666666666667,23,211,heavy,opt,100.0
13,1013,663.8126378658768,28,5807.645584453987,25860.34460638577,0.8461538461538461,8209.079982198107,1.0,15.755635071255005,6.833333333333333,11,247,heavy,opt,100.0
14,1014,559.4393560805329,22,7862.083169297837,29425.28154347278,0.8607594936708861,10282.635091359414,1.0,18.84557844991418,5.916666666666667,27,237,heavy,opt,100.0
15,1015,651.555555555556,26,4665.203178402219,24540.600361296983,0.7757847533632287,6987.105623043677,1.0,12.89009375603588,5.944444444444445,17,223,heavy,opt,100.0
16,1016,474.3333333333333,19,6309.821896482707,29066.886948151732,0.8253275109170306,8699.396499720975,1.0,16.224950190826902,6.277777777777778,22,229,heavy,opt,100.0
17,1017,636.1809726635968,26,5397.582687773175,22219.99965323593,0.8309178743961353,7834.632666547552,0.9748496529003818,12.622538750300171,5.861111111111111,0,207,heavy,opt,100.0
18,1018,645.4680533655838,27,5096.9859875366365,20033.353740674283,0.7857142857142857,7496.899537000316,0.9998262690134466,12.579759897707293,5.888888888888889,9,210,heavy,opt,100.0
19,1019,503.059726886803,19,9814.836460920618,39212.74440594876,0.8373983739837398,12280.68765810322,1.0,23.442961146335573,6.138888888888889,29,246,heavy,opt,100.0
20,1020,588.5084680827439,20,9688.404460645294,28963.076951955358,0.8851674641148325,12208.926709622809,0.9952257197516342,19.74017200627412,5.027777777777778,30,209,heavy,opt,100.0
21,1021,490.27638434460783,20,6280.298961718903,26062.465554113624,0.8160377358490566,8731.42699356209,1.0,14.855271772018506,5.361111111111111,25,212,heavy,opt,100.0
22,1022,485.1666666666667,19,8848.687827916296,30263.864075155463,0.9347826086956522,11427.005808320653,1.0,20.574810087419632,6.305555555555555,16,230,heavy,opt,100.0
23,1023,779.5505811706239,30,5151.84108940723,28471.383282647585,0.759493670886076,7500.9980831069415,1.0,13.810871978879414,6.027777777777778,23,237,heavy,opt,100.0
24,1024,862.8528807506389,35,4672.521520777552,20038.027093258774,0.8078817733990148,7018.559172174453,0.9905238965543459,11.098255130836078,5.722222222222222,4,203,heavy,opt,100.0
25,1025,313.05555555555554,13,8905.547297131508,40597.607875586385,0.8923766816143498,11407.558592002955,1.0,20.69770772205995,6.111111111111111,21,223,heavy,opt,100.0
26,1026,542.6944444444445,22,7569.379949868309,33757.110679936246,0.868995633187773,10022.355631297763,1.0,19.109722802059387,6.277777777777778,27,229,heavy,opt,100.0
27,1027,294.55555555555554,12,9859.302230614017,33745.218672732444,0.9086538461538461,12434.290383676833,1.0,21.404450734935242,5.305555555555555,39,208,heavy,opt,100.0
28,1028,487.30555555555554,21,6798.457745275204,27246.679131124605,0.8296943231441049,9229.535797802724,1.0,17.427164671364267,5.722222222222222,39,229,heavy,opt,100.0
29,1029,520.9166666666665,21,5619.157628188617,23774.029695069767,0.8225806451612904,8025.754756155698,1.0,15.605080784019801,6.027777777777778,39,248,heavy,opt,100.0
0,1000,786.161620303332,34,4798.4760374025855,25125.1224664037,0.7783018867924528,7066.1149759792925,0.983593143529513,13.493220045483637,6.166666666666667,4,212,heavy,opt,300.0
1,1001,347.44444444444446,15,9577.862828669251,30873.666658989343,0.8884297520661157,12078.016203256755,1.0,23.983435861174858,6.111111111111111,46,242,heavy,opt,300.0
2,1002,493.8798659346198,19,8210.705150174992,33769.885598169945,0.8686440677966102,10719.389374318656,1.0,19.64292124254467,5.611111111111111,38,236,heavy,opt,300.0
3,1003,706.941868393666,31,6370.110830667244,30923.900854811058,0.7625570776255708,8663.345168474576,0.992208700492632,14.833395335408667,6.0,9,219,heavy,opt,300.0
4,1004,390.8611111111111,15,8870.26539026636,36482.05707676349,0.8986784140969163,11373.15465256852,1.0,21.31573518782021,6.194444444444445,20,227,heavy,opt,300.0
5,1005,488.4166666666667,19,7489.7360515520195,37847.11862038165,0.8967136150234741,9998.748210061232,1.0,16.5900062406397,5.5,24,213,heavy,opt,300.0
6,1006,436.19444444444446,19,12842.175143039129,38181.531324468815,0.892,15324.568314547714,1.0,30.258319450517607,6.666666666666667,21,250,heavy,opt,300.0
7,1007,509.3333333333333,22,7448.05897863981,30016.54978407023,0.7873303167420814,9866.55446529857,1.0,17.726678114824626,5.5,32,221,heavy,opt,300.0
8,1008,387.77890351748727,17,9628.137253264273,35118.56107701396,0.9156118143459916,12118.289457055529,1.0,23.86189747198657,5.833333333333333,44,237,heavy,opt,300.0
9,1009,498.61111111111154,21,9516.796939234071,37074.641373795675,0.8292682926829268,11957.734011295377,1.0,22.921437100017066,6.194444444444445,33,246,heavy,opt,300.0
10,1010,501.9935042453548,21,5686.424354804557,27593.438976717196,0.8277511961722488,8129.333022934261,1.0,13.709924182963732,5.277777777777778,30,209,heavy,opt,300.0
11,1011,412.6666666666667,16,7786.159969316424,28299.056861916964,0.8632075471698113,10276.082827651539,1.0,18.184108191957552,5.833333333333333,15,212,heavy,opt,300.0
12,1012,603.5833333333334,23,6278.249495170089,23198.282259797415,0.8436018957345972,8729.078927042126,1.0,14.560753585786355,5.666666666666667,23,211,heavy,opt,300.0
13,1013,663.8126378658768,28,5807.645584453987,25860.34460638577,0.8461538461538461,8209.079982198107,1.0,15.755635071255005,6.833333333333333,11,247,heavy,opt,300.0
14,1014,559.4393560805329,22,7862.083169297837,29425.28154347278,0.8607594936708861,10282.635091359414,1.0,18.84557844991418,5.916666666666667,27,237,heavy,opt,300.0
15,1015,651.555555555556,26,4665.203178402219,24540.600361296983,0.7757847533632287,6987.105623043677,1.0,12.89009375603588,5.944444444444445,17,223,heavy,opt,300.0
16,1016,474.3333333333333,19,6309.821896482707,29066.886948151732,0.8253275109170306,8699.396499720975,1.0,16.224950190826902,6.277777777777778,22,229,heavy,opt,300.0
17,1017,636.1809726635968,26,5397.582687773175,22219.99965323593,0.8309178743961353,7834.632666547552,0.9748496529003818,12.622538750300171,5.861111111111111,0,207,heavy,opt,300.0
18,1018,645.4680533655838,27,5096.9859875366365,20033.353740674283,0.7857142857142857,7496.899537000316,0.9998262690134466,12.579759897707293,5.888888888888889,9,210,heavy,opt,300.0
19,1019,357.7819491090252,14,12103.149832029661,38558.63128696673,0.9146341463414634,14640.158189971611,1.0,27.92158576701169,6.277777777777778,24,246,heavy,opt,300.0
20,1020,588.5084680827439,20,9688.404460645294,28963.076951955358,0.8851674641148325,12208.926709622809,0.9952257197516342,19.74017200627412,5.027777777777778,30,209,heavy,opt,300.0
21,1021,490.27638434460783,20,6280.298961718903,26062.465554113624,0.8160377358490566,8731.42699356209,1.0,14.855271772018506,5.361111111111111,25,212,heavy,opt,300.0
22,1022,408.94444444444446,16,9889.486158487463,30263.864075155463,0.9347826086956522,12453.481007568982,1.0,22.396486752752313,6.222222222222222,19,230,heavy,opt,300.0
23,1023,744.7450256150684,28,5272.871276385541,28471.383282647585,0.7721518987341772,7638.1106829713435,1.0,14.0616102980759,5.611111111111111,38,237,heavy,opt,300.0
24,1024,862.8528807506389,35,4672.521520777552,20038.027093258774,0.8078817733990148,7018.559172174453,0.9905238965543459,11.098255130836078,5.722222222222222,4,203,heavy,opt,300.0
25,1025,313.05555555555554,13,8905.547297131508,40597.607875586385,0.8923766816143498,11407.558592002955,1.0,20.69770772205995,6.111111111111111,21,223,heavy,opt,300.0
26,1026,439.94444444444446,18,9060.39809374711,33757.110679936246,0.8951965065502183,11539.526038787804,1.0,21.790525451096567,5.777777777777778,45,229,heavy,opt,300.0
27,1027,294.55555555555554,12,9859.302230614017,33745.218672732444,0.9086538461538461,12434.290383676833,1.0,21.404450734935242,5.305555555555555,39,208,heavy,opt,300.0
28,1028,487.30555555555554,21,6798.457745275204,27246.679131124605,0.8296943231441049,9229.535797802724,1.0,17.427164671364267,5.722222222222222,39,229,heavy,opt,300.0
29,1029,520.9166666666665,21,5619.157628188617,23774.029695069767,0.8225806451612904,8025.754756155698,1.0,15.605080784019801,6.027777777777778,39,248,heavy,opt,300.0
