rep,seed,changeover_s_per_h,n_changeovers,avg_tardiness_s,max_tardiness_s,pct_late,avg_flow_s,utilization,wip,throughput_per_h,unfinished_jobs,jobs_counted,level,strategy,lam
0,1000,2063.75,68,14429.487403974363,31217.229745155695,0.9291338582677166,19670.401966133595,1.0,19.30852037419869,2.7222222222222223,31,127,light,fcfs,
1,1001,1902.4435447639771,74,19583.013006972225,39650.25960612121,0.9779411764705882,24904.61865980496,1.0,26.478260484443933,3.0833333333333335,38,136,light,fcfs,
2,1002,2135.5246527159115,74,9866.00252144014,24218.524577166892,0.9253731343283582,15014.407513231665,0.9980624035321977,15.524155916458662,3.0,26,134,light,fcfs,
3,1003,1932.4444444444443,69,7396.344786489819,20379.408812007343,0.7815126050420168,12258.831922414118,0.959623320940017,11.256180546043831,2.75,20,119,light,fcfs,
4,1004,2053.138888888889,73,12282.815739769569,28655.315678407933,0.8914728682170543,17415.801437143866,1.0,17.394111252129843,2.7777777777777777,34,129,light,fcfs,
5,1005,1964.6111111111106,67,16424.38837460308,39757.898032626355,0.92,21671.766676567124,1.0,20.95593150238322,2.8333333333333335,27,125,light,fcfs,
6,1006,1897.4166666666667,68,12138.949875154902,23748.805105055057,0.952054794520548,17349.20980764332,1.0,19.613264247157296,3.2222222222222223,34,146,light,fcfs,
7,1007,2149.694444444444,76,9929.409385498753,20709.269194254157,0.9256198347107438,15047.150826169027,1.0,14.28920185750451,2.8055555555555554,26,121,light,fcfs,
8,1008,2155.8773636697506,75,20676.02827763972,41949.8659136458,0.9782608695652174,25934.616721968334,1.0,28.199835429154405,2.75,50,138,light,fcfs,
9,1009,1876.888888888889,66,13724.687228794164,26000.901129219143,0.9230769230769231,18906.194976541054,1.0,21.01064688325344,3.111111111111111,36,143,light,fcfs,
10,1010,2068.709029775103,71,15298.628328501134,23504.797036492193,0.9747899159663865,20562.656965509494,1.0,19.14793502678132,2.9166666666666665,22,119,light,fcfs,
11,1011,2155.9444444444443,72,16067.445554089732,27221.52410544078,0.9482758620689655,21246.83466165527,1.0,19.749712142257614,2.6944444444444446,29,116,light,fcfs,
12,1012,2066.722222222222,74,6172.930612478554,13125.958255697988,0.8333333333333334,11143.296650219132,1.0,10.044371635013905,2.9444444444444446,14,114,light,fcfs,
13,1013,1926.3819430261226,66,6440.638116967326,15911.582719598999,0.8391608391608392,11448.5349264019,1.0,12.668958289917843,3.25,28,143,light,fcfs,
14,1014,2064.4935703423394,74,7507.993858893183,16383.081185026283,0.8978102189781022,12435.389095680874,0.9719075278517554,13.154977427782438,3.3055555555555554,19,137,light,fcfs,
15,1015,2049.431176183948,69,19640.74366549846,35090.897515375036,0.9696969696969697,24988.72922993114,1.0,25.58838634308659,2.638888888888889,42,132,light,fcfs,
16,1016,2082.630597812772,73,17032.25348180458,37798.64605442056,0.9772727272727273,22295.267247691594,1.0,22.836186489884202,2.6666666666666665,41,132,light,fcfs,
17,1017,2166.70416344208,77,11309.491158930201,18255.211838231335,0.96,16545.753608696665,1.0,16.024569835947744,3.0277777777777777,19,125,light,fcfs,
18,1018,1939.7153266269306,71,9139.3914547613,18143.138477657674,0.9243697478991597,14347.487055635189,1.0,13.20146190692691,2.888888888888889,17,119,light,fcfs,
19,1019,2100.0250816958046,73,21736.497063558803,40283.359886570106,0.9571428571428572,26955.27023957964,1.0,29.730839991910802,2.75,51,140,light,fcfs,
20,1020,1633.8055555555557,57,5849.543863071599,21281.253986931697,0.6209677419354839,10392.560468677371,0.8987666695766827,10.000246343850648,2.6944444444444446,30,124,light,fcfs,
21,1021,1930.7121049651194,65,11711.359644451028,29923.616817923292,0.7768595041322314,16587.011674425903,0.9651255265314705,15.496915972104455,2.611111111111111,30,121,light,fcfs,
22,1022,2072.5099345578237,76,13535.411507910749,27011.500430386135,0.8571428571428571,18539.93621567613,0.9832415128856088,19.100204370281617,2.861111111111111,34,133,light,fcfs,
23,1023,1962.1944444444443,70,2678.490615933929,12560.661339455924,0.6695652173913044,7290.256317794475,0.9647329281581914,6.6715390335315305,2.9444444444444446,15,115,light,fcfs,
24,1024,1897.361111111111,63,6471.645575223478,19157.437601210375,0.8048780487804879,11397.208426894089,0.969621235824987,10.816795034783741,2.8333333333333335,21,123,light,fcfs,
25,1025,1957.1012642854212,69,21283.04580373271,42191.96029440785,0.9565217391304348,26638.47182463377,1.0,28.462358259254525,2.861111111111111,42,138,light,fcfs,
26,1026,2040.6944444444443,74,11306.125310335428,17877.48187725486,0.9242424242424242,16405.360783964446,1.0,16.843415450216373,3.3333333333333335,18,132,light,fcfs,
27,1027,2009.5982358225738,67,11730.963146722592,24396.936346849703,0.9105691056910569,16924.207040737158,1.0,16.15335706388509,2.8055555555555554,25,123,light,fcfs,
28,1028,2288.25,83,6142.10815288264,14160.657474424908,0.8898305084745762,11182.11847025309,1.0,10.425172618252548,3.0,17,118,light,fcfs,
29,1029,2058.869065104695,74,15871.89923743464,31483.67508657313,0.9538461538461539,21076.72143275002,1.0,21.218750526195112,2.8333333333333335,34,130,light,fcfs,
0,1000,1954.1666666666663,64,12684.592802786727,27384.834772941103,0.9291338582677166,17878.349852703424,1.0,17.552990911192264,2.8333333333333335,27,127,light,edd,
1,1001,1892.3333333333333,70,17058.31801665825,39800.42434063679,0.9705882352941176,22376.14048047778,1.0,23.832812453757253,3.0277777777777777,39,136,light,edd,
2,1002,2030.9968749381337,72,5664.612163314233,16774.555935294316,0.8283582089552238,10657.949864077656,0.9980624035321977,11.01979384094449,3.1666666666666665,20,134,light,edd,
3,1003,1917.3333333333337,69,6143.040644155669,18243.408812007343,0.7478991596638656,10890.899149304874,0.959623320940017,10.000131163327778,2.75,20,119,light,edd,
4,1004,1986.5000000000005,70,10658.243886770826,26714.353554405505,0.8914728682170543,15794.829136010434,1.0,15.789331723995481,2.8333333333333335,32,129,light,edd,
5,1005,2027.7229990418464,70,16990.812728248395,41770.15112605218,0.88,22151.207124015225,1.0,21.427421131480543,2.7777777777777777,29,125,light,edd,
6,1006,1920.7777777777778,68,11989.355894926699,23045.087059609228,0.9041095890410958,17141.20024345781,1.0,19.352040453724314,3.1944444444444446,33,146,light,edd,
7,1007,2127.0402279345744,76,8728.673660184311,18986.2646822174,0.9090909090909091,13832.118624422834,1.0,13.167447655213351,2.888888888888889,24,121,light,edd,
8,1008,2215.1388888888887,76,21681.519257903004,44234.75388624806,0.9782608695652174,26940.107702231617,1.0,29.17464515421956,2.638888888888889,53,138,light,edd,
9,1009,1939.3780309762499,70,13037.385323992148,27181.555039830826,0.8951048951048951,18188.75015755403,1.0,20.13397250053739,3.111111111111111,35,143,light,edd,
10,1010,1953.9722222222222,70,10538.709213875238,20778.573857636162,0.9747899159663865,15802.737850883606,1.0,14.87511577801218,3.0555555555555554,17,119,light,edd,
11,1011,2131.4968691238223,72,15325.445554089732,26928.52410544078,0.9482758620689655,20504.83466165527,1.0,19.102759981763782,2.6944444444444446,29,116,light,edd,
12,1012,2066.722222222222,74,6709.177936865904,12833.391919975424,0.9122807017543859,11843.138755482294,1.0,10.67734231402625,2.9444444444444446,14,114,light,edd,
13,1013,1954.8055555555557,68,6583.538640313184,15622.707072163917,0.8251748251748252,11549.985974638827,1.0,12.780898875549639,3.3055555555555554,26,143,light,edd,
14,1014,2144.033766932986,76,10957.736066656536,21032.831326907122,0.8978102189781022,15953.659659941439,0.9841991945184221,16.886652329817146,3.138888888888889,25,137,light,edd,
15,1015,1977.0555555555557,69,16291.88534037421,28517.41985799717,0.9696969696969697,21639.87090480689,1.0,22.1538738333719,2.861111111111111,33,132,light,edd,
16,1016,1986.888888888889,68,13899.539776292773,32271.461217600256,0.9772727272727273,19162.55354217979,1.0,19.626475783045475,2.8055555555555554,35,132,light,edd,
17,1017,2060.8615592848564,75,7956.916809323904,14478.77131643724,0.928,13136.655621577269,1.0,12.72763902186865,3.2777777777777777,11,125,light,edd,
18,1018,1963.4653266269306,71,10471.082018260906,19843.327613524598,0.9327731092436975,15690.945068384259,1.0,14.435038322954217,2.9444444444444446,15,119,light,edd,
19,1019,2000.0833333333333,69,20279.139227423442,37224.44319214471,0.9571428571428572,25497.91240344428,1.0,28.177536024951685,2.8055555555555554,50,140,light,edd,
20,1020,1721.164030181013,59,5927.935014352376,21451.253986931697,0.6129032258064516,10458.839480267186,0.9172600701120097,10.066433315804911,2.6944444444444446,30,124,light,edd,
21,1021,1914.174117735516,65,10515.957405889872,27701.7854133667,0.7851239669421488,15380.10936951911,0.9681656499882606,14.374695205488283,2.7222222222222223,25,121,light,edd,
22,1022,2095.944444444445,75,15017.550876488576,32829.592879067466,0.8270676691729323,19919.69861494462,0.9657723770831397,20.51371053619758,2.6944444444444446,40,133,light,edd,
23,1023,2078.9783772492588,76,4413.652773188819,13531.394217753259,0.7565217391304347,9178.907513228894,0.9932565736691892,8.371615325776572,2.9722222222222223,14,115,light,edd,
24,1024,1970.0808934143981,64,7646.50025870944,21207.069057194938,0.8211382113821138,12582.409536558764,0.9737647543435056,11.941638680530307,2.75,24,123,light,edd,
25,1025,1999.8888888888885,70,25596.756336651775,44421.45338818572,0.9637681159420289,30953.76424844337,1.0,33.17106743341694,2.8055555555555554,43,138,light,edd,
26,1026,2069.0647274780804,72,8413.09513529103,20861.277740329184,0.9242424242424242,13522.44904870728,1.0,13.882895781590241,3.1944444444444446,23,132,light,edd,
27,1027,2035.3462086218706,70,14157.349131678799,28431.936346849703,0.9349593495934959,19357.315906844167,1.0,18.49946045894682,2.8055555555555554,28,123,light,edd,
28,1028,2260.4817136335937,82,3139.9362891911514,10989.791706017422,0.8220338983050848,8046.774120789003,1.0,7.447971101135411,3.0555555555555554,13,118,light,edd,
29,1029,2064.1111111111113,74,15166.14759392517,34311.062546227404,0.9538461538461539,20370.96978924055,1.0,20.593822180082228,2.8055555555555554,35,130,light,edd,
0,1000,1170.2719770906479,43,234.16001057374197,5053.054717266583,0.13385826771653545,3089.8380013932274,0.8534706109202416,3.043250133890457,3.5555555555555554,0,127,light,grouped,
1,1001,1087.8055555555557,41,883.7873209181299,7478.519014553363,0.2426470588235294,4327.237196417594,0.8811188271604938,4.540927922166614,3.7777777777777777,0,136,light,grouped,
2,1002,1200.4166666666667,43,556.9263556902401,6279.987572876067,0.1865671641791045,3379.113880416554,0.8460756990029501,3.4938368825294606,3.611111111111111,4,134,light,grouped,
3,1003,1302.1787883339466,51,200.3411926819434,5516.183254425632,0.09243697478991597,2900.235202876088,0.8389385523149852,2.663024607579125,3.25,2,119,light,grouped,
4,1004,1352.6468493581572,47,164.78081139965533,3032.0905784099014,0.11627906976744186,3180.5584956652638,0.924927704682078,3.202063879824747,3.5277777777777777,7,129,light,grouped,
5,1005,1288.295236859629,47,571.3207477059918,6588.136344754203,0.24,3824.291120446092,0.8939321030975323,3.741043813223269,3.5555555555555554,1,125,light,grouped,
6,1006,1259.0253105335287,48,647.9775572388625,12388.717438056869,0.21232876712328766,3649.13262872062,0.9344715648774837,4.132072307492594,3.9722222222222223,5,146,light,grouped,
7,1007,1379.814026485747,54,195.63036347668353,4972.683038709976,0.1487603305785124,2942.014023834244,0.8736794502148318,2.855030923225891,3.4722222222222223,2,121,light,grouped,
8,1008,1364.0833333333333,50,446.13099706210664,5420.582363675843,0.2028985507246377,3651.9321490938346,0.9286953931215916,4.001980795635759,3.888888888888889,3,138,light,grouped,
9,1009,1254.995861598563,47,433.6605153695142,8278.981733912675,0.15384615384615385,3202.7480375565347,0.9001686035304651,3.5672156020459056,3.9444444444444446,4,143,light,grouped,
10,1010,1416.2645853306583,51,346.5073359487369,5496.116891050788,0.15126050420168066,3327.1460595429135,0.8844099156782693,3.0683679118304124,3.4166666666666665,0,119,light,grouped,
11,1011,1584.6245480909433,58,178.65664359909653,4495.194219531884,0.11206896551724138,2800.7397663686083,0.8976571837942253,2.7371880638255575,3.4722222222222223,2,116,light,grouped,
12,1012,1296.3182674667619,46,112.92227325702953,3664.8389357202104,0.07017543859649122,2610.93391713445,0.8130273834414444,2.313933946294271,3.0,9,114,light,grouped,
13,1013,1244.520831915011,45,362.17078104608635,7286.449363756867,0.17482517482517482,3275.7773312988725,0.8992570398505152,3.651177918777929,3.75,10,143,light,grouped,
14,1014,1308.299125897895,51,210.03638075448862,4231.82342224324,0.16058394160583941,2987.899693545622,0.838887102872872,3.1680480443524264,3.8333333333333335,0,137,light,grouped,
15,1015,1156.1666666666667,44,537.4612541341266,7669.722245778463,0.2196969696969697,3851.3794578217608,0.8922382700822094,3.947856310208032,3.5277777777777777,9,132,light,grouped,
16,1016,1442.9971298885835,53,281.77901772758236,5115.377110900052,0.17424242424242425,3571.580128440183,0.9611257920293369,3.7238009323931833,3.75,1,132,light,grouped,
17,1017,1332.7222222222222,52,387.38794458015775,6778.851993832741,0.144,3192.591879252726,0.8317979639988798,3.173071369163657,3.5833333333333335,0,125,light,grouped,
18,1018,1204.1319932935971,45,274.3853335544934,8215.169243233722,0.08403361344537816,3069.672911398542,0.8530847955509988,2.8460615738701054,3.2222222222222223,5,119,light,grouped,
19,1019,1396.75,53,508.5876373169948,8817.791228455506,0.17142857142857143,3504.4882173776427,0.9364498683722913,4.095573918544441,4.166666666666667,0,140,light,grouped,
20,1020,1240.582690189012,45,280.48306310308004,6804.37440746979,0.12903225806451613,3543.6418111932676,0.8940544202352472,3.449444541936852,3.5,1,124,light,grouped,
21,1021,1070.1564572148409,38,624.8867218979208,8628.11794670629,0.18181818181818182,3583.607202348479,0.8407409441690099,3.3609856203984143,3.25,6,121,light,grouped,
22,1022,1367.722222222222,51,654.8538428621586,10888.278651802422,0.23308270676691728,3731.874016451772,0.8849738877633152,3.9012053541023057,3.7222222222222223,3,133,light,grouped,
23,1023,1261.05807789427,48,685.8476407162934,8841.892431833796,0.2,3549.938760130336,0.8185564905150255,3.3668436698635045,3.3055555555555554,2,115,light,grouped,
24,1024,1098.611111111111,39,717.6461122197528,11186.259842180429,0.2032520325203252,3695.2654918431035,0.818341049382716,3.5070806751288695,3.4166666666666665,0,123,light,grouped,
25,1025,1173.6944444444443,42,658.7441612689328,9442.560519412269,0.2028985507246377,4282.385912593541,0.9747974902243481,4.561619609970555,3.7777777777777777,3,138,light,grouped,
26,1026,1331.083333333333,50,143.56738732836757,2983.017858720632,0.10606060606060606,2846.315524714552,0.8332919239625717,2.908703617931321,3.5833333333333335,5,132,light,grouped,
27,1027,1293.468532057126,47,641.083592852265,9814.154252000699,0.21138211382113822,3779.9782274949457,0.8986665531640675,3.6441429278090114,3.3333333333333335,6,123,light,grouped,
28,1028,1729.6206025224828,64,145.20965450137348,4178.093702174636,0.0847457627118644,2622.6854177443306,0.8721474289925355,2.4538111839404886,3.3333333333333335,4,118,light,grouped,
29,1029,1501.436298027923,56,540.793669746404,8434.708880285558,0.19230769230769232,3747.0869732853303,0.9350286013040526,3.771031754417891,3.611111111111111,1,130,light,grouped,
0,1000,1466.4332055164425,52,253.67597347910038,3635.6871045953594,0.1889763779527559,3651.274142836393,0.9357376188162957,3.601754718663687,3.5555555555555554,0,127,light,opt,0.0
1,1001,1250.4453441249118,46,974.0147087801229,10405.094476427686,0.35294117647058826,4767.110882083987,0.939020311639636,5.087548912587941,4.0,0,136,light,opt,0.0
2,1002,1434.0000000000002,53,616.8216300057371,5684.77153984888,0.3208955223880597,4135.320268406513,0.8901590694934886,4.275716944185746,3.5,8,134,light,opt,0.0
3,1003,1617.5277777777783,62,259.7233354244534,5527.052834759772,0.16806722689075632,3514.636641082576,0.9243637385629011,3.2271740763026755,3.1944444444444446,4,119,light,opt,0.0
4,1004,1529.4524049137128,55,243.09127122108146,3414.203026423209,0.17829457364341086,3789.4976124938644,0.9731993096203496,3.817304204445808,3.5277777777777777,7,129,light,opt,0.0
5,1005,1477.823014637407,55,1332.6048405437625,10289.151126052195,0.352,5226.291968327365,0.9465787080358039,5.1032359890346815,3.5555555555555554,1,125,light,opt,0.0
6,1006,1547.2667674698573,54,616.0370945000765,9445.201865745512,0.2945205479452055,4462.881786187476,1.0,5.057538179330256,4.0,4,146,light,opt,0.0
7,1007,1663.5776563555655,59,157.67499913514916,3584.8524253166397,0.1487603305785124,3549.0281510042637,0.9465921869070654,3.397320347512714,3.361111111111111,6,121,light,opt,0.0
8,1008,1579.138888888889,59,510.32617684914453,6742.314006155255,0.26811594202898553,4153.466525257772,0.9966583560845543,4.6344189795423185,3.9722222222222223,3,138,light,opt,0.0
9,1009,1476.8333333333337,54,317.9175693714706,7119.50230448613,0.2097902097902098,3726.9768484889373,0.9763969745730159,4.17692324747946,3.9166666666666665,6,143,light,opt,0.0
10,1010,1572.4444444444448,57,224.20329806371828,3047.394176834885,0.226890756302521,3646.4507296626743,0.9290858416041953,3.353654992080752,3.361111111111111,0,119,light,opt,0.0
11,1011,1770.0492897965532,66,90.6933164618149,1645.3574793752632,0.08620689655172414,3061.1732679119273,0.974048315749487,2.920311904386799,3.361111111111111,1,116,light,opt,0.0
12,1012,1588.4722222222217,55,154.45017333131756,3395.8671688218856,0.16666666666666666,3509.783267202538,0.8855545987982855,3.1928748503480424,3.0555555555555554,9,114,light,opt,0.0
13,1013,1579.6257938240492,58,423.0766934705325,7660.423716952224,0.23776223776223776,4199.344548954574,0.9763621032227296,4.670237425913462,3.9166666666666665,4,143,light,opt,0.0
14,1014,1557.505029796404,60,334.9251706249451,3678.0849273270287,0.24087591240875914,3868.1312331442914,0.8976017058076431,4.111055150255342,3.7777777777777777,2,137,light,opt,0.0
15,1015,1410.931176183948,51,759.1287901514227,7076.476577655616,0.3712121212121212,4569.916331194414,0.9472922824278884,4.732519465629084,3.638888888888889,4,132,light,opt,0.0
16,1016,1562.380597812772,57,376.23406491690287,4120.969619637748,0.25757575757575757,4129.340283076962,1.0,4.275116599391355,3.7222222222222223,2,132,light,opt,0.0
17,1017,1576.6666666666667,62,273.30678829806675,4574.003808254376,0.176,3520.726405827774,0.899560309677892,3.452421799888049,3.5833333333333335,0,125,light,opt,0.0
18,1018,1428.9375488491526,52,399.60589105732487,3920.8576256680535,0.2689075630252101,3937.5212250086224,0.898840968390505,3.6424577877559043,3.2222222222222223,5,119,light,opt,0.0
19,1019,1509.2224242196721,58,401.69816292578435,7295.069763419466,0.24285714285714285,4123.063055204038,0.9811027022604718,4.763943296735776,4.055555555555555,2,140,light,opt,0.0
20,1020,1322.2134544848466,48,268.3030681570976,7305.37440746979,0.20161290322580644,3861.785256996226,0.8989055584655715,3.753841048723635,3.388888888888889,5,124,light,opt,0.0
21,1021,1380.6564572148409,48,763.9725172685921,12881.749348694168,0.34710743801652894,4747.189886628323,0.9191282898480223,4.447355256184379,3.2222222222222223,7,121,light,opt,0.0
22,1022,1664.4610655504123,61,905.8408026568078,8775.985327809598,0.3007518796992481,4537.786235987464,0.9578112714946613,4.7282603324838375,3.7222222222222223,3,133,light,opt,0.0
23,1023,1422.5432534096672,54,306.7070920093649,3956.0586759785365,0.19130434782608696,3511.718525728391,0.861021508405105,3.319642072979063,3.25,4,115,light,opt,0.0
24,1024,1422.25,49,624.3090487254295,7366.225454859392,0.3089430894308943,4296.056861219209,0.9038401969895999,4.0772761877311945,3.361111111111111,2,123,light,opt,0.0
25,1025,1288.2777777777774,46,1237.9339545008738,9357.891412003257,0.5144927536231884,5603.487585914432,1.0,6.034973105150982,3.888888888888889,3,138,light,opt,0.0
26,1026,1697.7120373763692,62,136.8551613096747,3211.715472406635,0.15151515151515152,3352.346534741037,0.9391484054440531,3.451482115797803,3.5833333333333335,5,132,light,opt,0.0
27,1027,1639.6111111111113,58,512.0798556228642,6373.829535251243,0.2601626016260163,4165.936400996641,0.987638980064362,4.009751441291859,3.3333333333333335,6,123,light,opt,0.0
28,1028,1899.8150469669272,68,59.59704486553935,2685.2881794541245,0.06779661016949153,2994.7928738073583,0.9318215456384631,2.7692456982321545,3.2222222222222223,4,118,light,opt,0.0
29,1029,1612.7418535834784,61,371.28958175878,4379.698902352218,0.2076923076923077,3869.942180228101,0.9659468111805959,3.89426614409814,3.611111111111111,1,130,light,opt,0.0
0,1000,1401.905427738665,49,191.19212412437986,4627.65874497722,0.16535433070866143,3550.29478075045,0.9178132361002462,3.5028011771134198,3.5555555555555554,0,127,light,opt,0.3
1,1001,1239.5564552360229,45,804.6888475066061,10474.98770912653,0.3014705882352941,4446.94893026946,0.9343675338618582,4.7169155003675,3.9444444444444446,0,136,light,opt,0.3
2,1002,1367.3055555555557,51,386.9041984313638,4281.323166779926,0.29850746268656714,3778.289210777424,0.8758358595181044,3.906564461760609,3.5277777777777777,7,134,light,opt,0.3
3,1003,1511.2927921597775,57,104.94739930100528,4529.454573249503,0.08403361344537816,2944.840575744923,0.8976353435011727,2.703981701494182,3.2777777777777777,1,119,light,opt,0.3
4,1004,1379.6944444444443,49,159.06888725945407,2745.5875516418746,0.13953488372093023,3229.2511418492113,0.931445807581275,3.2561098007948788,3.5277777777777777,7,129,light,opt,0.3
5,1005,1380.0174590818513,51,1009.5452114756202,8782.702262582156,0.312,4463.152849401661,0.9194104981592607,4.357229894391835,3.5555555555555554,1,125,light,opt,0.3
6,1006,1545.2151604117453,57,755.70512892227,11671.852462007831,0.2876712328767123,4258.240825306312,0.996376152806618,4.818259010436354,3.9722222222222223,5,146,light,opt,0.3
7,1007,1490.9387674666766,55,138.25777611915728,2685.3269306657457,0.15702479338842976,3267.6552615567048,0.9067310757959542,3.134618807210596,3.361111111111111,6,121,light,opt,0.3
8,1008,1518.3055555555557,54,245.94236431761257,5883.922325397551,0.21739130434782608,3800.57287859914,0.9731936391956871,4.152831493841854,3.9444444444444446,3,138,light,opt,0.3
9,1009,1393.7350036859239,52,178.31509334878237,3774.008778910036,0.13986013986013987,3308.8249320250893,0.9580466899502182,3.7155364878009864,3.9722222222222223,4,143,light,opt,0.3
10,1010,1432.6111111111115,52,200.66144853120232,3047.394176834885,0.15966386554621848,3366.7922917516435,0.8902432490116027,3.0968698523321994,3.361111111111111,0,119,light,opt,0.3
11,1011,1680.634961119105,62,70.75181532882587,1664.2733117634198,0.06896551724137931,2996.556199676267,0.9492110022279736,2.8624756396079705,3.361111111111111,1,116,light,opt,0.3
12,1012,1448.3055555555552,52,36.3554423166791,1177.2741006138604,0.07017543859649122,2943.1615298857696,0.8562567592921126,2.6714756552638215,3.0555555555555554,8,114,light,opt,0.3
13,1013,1465.693786821073,55,354.667839699379,7624.423716952224,0.20279720279720279,3690.8318207444227,0.9447143234996807,4.1091469927803494,3.9166666666666665,4,143,light,opt,0.3
14,1014,1388.8824592312283,53,282.1770445735511,3607.0849273270287,0.2116788321167883,3433.0789757504936,0.8500481619698758,3.6386465139671436,3.7777777777777777,2,137,light,opt,0.3
15,1015,1376.9867317395037,50,606.5627266138997,6741.476577655616,0.3484848484848485,4361.914321916743,0.9376134768549707,4.522536536869247,3.611111111111111,4,132,light,opt,0.3
16,1016,1490.5249076663613,55,225.98271667990372,3972.1788567337935,0.24242424242424243,3962.1557913312818,0.9743279525231642,4.104016885337819,3.75,1,132,light,opt,0.3
17,1017,1421.611111111111,56,280.5605961839191,4574.003808254376,0.184,3404.969697301026,0.8564893220235713,3.3407737399664166,3.5833333333333335,0,125,light,opt,0.3
18,1018,1345.0486599602636,49,200.83591925069845,4318.169243233722,0.15126050420168066,3406.731965077494,0.8743502276497642,3.155081846924082,3.2222222222222223,5,119,light,opt,0.3
19,1019,1444.6666666666667,53,350.4337817882371,6167.772293479262,0.2,3774.311200316034,0.9668819671377233,4.387205181887625,4.111111111111111,0,140,light,opt,0.3
20,1020,1298.1856767070688,47,230.61103298405297,8429.37440746979,0.18548387096774194,3606.0025708320054,0.8989055584655715,3.50911070085046,3.4722222222222223,2,124,light,opt,0.3
21,1021,1353.767568325952,47,379.2986050281476,7931.58378733955,0.2892561983471074,4035.495315614739,0.9087116231813557,3.78288733108682,3.1944444444444446,8,121,light,opt,0.3
22,1022,1612.0999544393012,59,895.4402347998474,8775.985327809598,0.2932330827067669,4394.114701268722,0.9432665184082414,4.580819637132043,3.7222222222222223,3,133,light,opt,0.3
23,1023,1384.138888888889,52,298.57514324000357,3896.0586759785365,0.1826086956521739,3475.2764546929666,0.8504813849483149,3.287305358711519,3.25,4,115,light,opt,0.3
24,1024,1334.5555555555557,47,617.3984796197385,7242.225454859392,0.3089430894308943,4243.504917887378,0.8838811728395064,4.027400500772743,3.4166666666666665,0,123,light,opt,0.3
25,1025,1230.7123753965325,44,1237.9339545008738,9357.891412003257,0.5144927536231884,5608.704977218779,1.0,6.040528660706538,3.888888888888889,3,138,light,opt,0.3
26,1026,1510.4630502996968,56,140.86991973703573,3216.715472406635,0.15151515151515152,3271.641230927293,0.8914709363082507,3.369282269320841,3.5833333333333335,5,132,light,opt,0.3
27,1027,1475.9963098349037,53,506.51794890899316,5570.160199695121,0.2032520325203252,3721.4589459326244,0.949060071682586,3.5939664491657597,3.3333333333333335,6,123,light,opt,0.3
28,1028,1750.0277777777778,66,44.758100826201606,2116.688033413986,0.07627118644067797,2527.798272238078,0.8771667568508722,2.326398505161648,3.3333333333333335,4,118,light,opt,0.3
29,1029,1559.686298027923,59,409.258433246122,4441.698902352218,0.23846153846153847,3876.220165090194,0.9512091568596082,3.9005635054567196,3.611111111111111,1,130,light,opt,0.3
0,1000,1353.7109832942203,48,227.15752477536566,5351.647485823676,0.15748031496062992,3504.7698782586235,0.9044258904212339,3.4581895828505957,3.5555555555555554,0,127,light,opt,1.0
1,1001,1228.667566347134,44,759.7658432195336,10474.98770912653,0.3161764705882353,4470.82393026946,0.9313428425038335,4.741969512713178,3.9444444444444446,0,136,light,opt,1.0
2,1002,1331.4722222222229,49,332.22500331801297,4566.740719252128,0.26865671641791045,3676.4472387783744,0.8682586990242772,3.801264891946775,3.5555555555555554,6,134,light,opt,1.0
3,1003,1352.098347715333,53,150.2893737493217,2854.4545732495026,0.12605042016806722,2942.3637958754935,0.8534146644888271,2.7017074977560473,3.2777777777777777,1,119,light,opt,1.0
4,1004,1369.0555555555557,49,194.2516616147726,6273.62183165265,0.13178294573643412,3032.327106382509,0.9276495112849787,3.0600974506775604,3.5277777777777777,7,129,light,opt,1.0
5,1005,1380.0174590818513,51,1019.4305307884573,8782.702262582156,0.312,4459.755572342441,0.9194104981592607,4.35395319969737,3.5555555555555554,1,125,light,opt,1.0
6,1006,1477.6306420836709,56,698.8385555320136,11671.852462007831,0.2534246575342466,4065.831045737619,0.9900640952463504,4.601501079749399,4.027777777777778,3,146,light,opt,1.0
7,1007,1415.4166666666667,54,106.60498095544902,3153.429573539128,0.12396694214876033,3090.471714747491,0.8875566930799048,2.96919281057545,3.4444444444444446,3,121,light,opt,1.0
8,1008,1504.611111111111,55,261.0007975785704,4454.08880539528,0.16666666666666666,3621.184269161924,0.9702154548499866,3.961815844904078,3.9444444444444446,3,138,light,opt,1.0
9,1009,1364.096114797035,52,144.4023352443825,4332.7926782400755,0.18181818181818182,3211.0417152418727,0.9498136652588602,3.616338956936789,3.9722222222222223,4,143,light,opt,1.0
10,1010,1499.3888888888894,55,216.92150775567941,3047.394176834885,0.17647058823529413,3356.11706404172,0.9087926317276521,3.0870677528145998,3.361111111111111,0,119,light,opt,1.0
11,1011,1614.5833333333335,58,92.31551759756853,1872.2733117634198,0.09482758620689655,2925.2258901204755,0.9304966899670648,2.7986306094500075,3.3333333333333335,2,116,light,opt,1.0
12,1012,1400.441000118272,50,57.0140464536074,3372.3849642895875,0.05263157894736842,2666.328014876473,0.828826203736557,2.3662411367648244,3.0833333333333335,4,114,light,opt,1.0
13,1013,1412.7215645988504,53,119.7990313424578,4265.880876563082,0.14685314685314685,3256.5794251502043,0.9299998173268411,3.6299950439379645,3.9166666666666665,4,143,light,opt,1.0
14,1014,1353.7713481201172,51,130.63492289093054,3158.528799291322,0.1386861313868613,2990.204788772849,0.8404725446859251,3.170484757671331,3.7777777777777777,2,137,light,opt,1.0
15,1015,1259.388888888889,48,503.0605930897122,6721.521896535123,0.3409090909090909,4146.446497573259,0.8985114182303575,4.237396214450468,3.6944444444444446,4,132,light,opt,1.0
16,1016,1500.9722222222217,57,160.91463428912004,3168.127062052037,0.1590909090909091,3395.182566922194,0.9763758338448698,3.544136749365601,3.7222222222222223,2,132,light,opt,1.0
17,1017,1421.611111111111,56,280.5605961839191,4574.003808254376,0.184,3404.969697301026,0.8564893220235713,3.3407737399664166,3.5833333333333335,0,125,light,opt,1.0
18,1018,1345.0486599602636,49,200.83591925069845,4318.169243233722,0.15126050420168066,3406.731965077494,0.8743502276497642,3.155081846924082,3.2222222222222223,5,119,light,opt,1.0
19,1019,1421.5833333333337,54,381.08795614557016,6127.801531109129,0.18571428571428572,3644.9608280556877,0.9603233812728177,4.263562804445893,4.083333333333333,1,140,light,opt,1.0
20,1020,1282.0745655959577,47,241.4276617042708,8429.37440746979,0.18548387096774194,3659.755544403851,0.8989055584655715,3.560541015070437,3.4166666666666665,4,124,light,opt,1.0
21,1021,1301.628679437063,46,340.4807212292342,3910.1096282023937,0.23140495867768596,3749.7351714658007,0.8822532898480223,3.5160896656391234,3.2222222222222223,7,121,light,opt,1.0
22,1022,1445.2222222222222,54,922.1037242764672,8717.429761244624,0.3157894736842105,4236.010721559535,0.9022921105841052,4.418567867831723,3.7222222222222223,3,133,light,opt,1.0
23,1023,1383.5833333333333,52,415.46281998872746,5890.0586759785365,0.2,3561.944612684913,0.8435832368001668,3.3617254063123965,3.25,4,115,light,opt,1.0
24,1024,1231.8333333333333,43,389.78858514878965,5590.45825332711,0.21138211382113822,3519.140710761935,0.8553472222222223,3.3399252116027607,3.4166666666666665,0,123,light,opt,1.0
25,1025,1240.4345976187547,44,978.9401037570982,8895.891412003257,0.5289855072463768,5337.751376467652,0.998887333733239,5.6886214156389725,3.7777777777777777,3,138,light,opt,1.0
26,1026,1442.8888888888885,54,132.79138974722898,2574.1147534878837,0.1893939393939394,3061.2917080026623,0.8639323560613371,3.127660841650693,3.5833333333333335,5,132,light,opt,1.0
27,1027,1413.1074209460148,51,459.9837852561873,5570.160199695121,0.17886178861788618,3672.966929527054,0.9315909358801169,3.547943933595658,3.3333333333333335,6,123,light,opt,1.0
28,1028,1750.0277777777778,66,44.758100826201606,2116.688033413986,0.07627118644067797,2527.798272238078,0.8771667568508722,2.326398505161648,3.3333333333333335,4,118,light,opt,1.0
29,1029,1559.686298027923,59,409.258433246122,4441.698902352218,0.23846153846153847,3876.220165090194,0.9512091568596082,3.9005635054567196,3.611111111111111,1,130,light,opt,1.0
0,1000,1217.0497548684257,46,195.12322204190428,4885.054717266583,0.11811023622047244,3027.9403635979515,0.8664644380807354,2.982594269692926,3.5555555555555554,0,127,light,opt,3.0
1,1001,1214.5,46,567.4283823238137,4630.483196976056,0.3014705882352941,4198.799426620404,0.9163117283950617,4.406147546453514,3.7777777777777777,0,136,light,opt,3.0
2,1002,1203.5646498207304,45,341.2631699460394,4330.098673161941,0.1791044776119403,3251.8157512899106,0.8487448101353882,3.362216903339876,3.638888888888889,3,134,light,opt,3.0
3,1003,1333.598347715333,52,150.11400919839298,4257.183254425632,0.09243697478991597,2871.657913522552,0.8482757755999382,2.636784658249875,3.2777777777777777,1,119,light,opt,3.0
4,1004,1288.5,46,126.0615968536629,2882.5691864920664,0.10077519379844961,2883.990524943707,0.9050511614722014,2.9124476126713454,3.5277777777777777,7,129,light,opt,3.0
5,1005,1276.2396813040734,47,932.2827886876017,7440.10847878491,0.312,4257.901408979138,0.8905833376654335,4.1592636131201095,3.5555555555555554,1,125,light,opt,3.0
6,1006,1292.3333333333333,50,541.6001071879905,9488.717438056869,0.2534246575342466,3617.7689826671603,0.9466758616406872,4.0967398049940975,4.0,4,146,light,opt,3.0
7,1007,1393.2306931524136,55,169.40179898750816,3153.429573539128,0.1487603305785124,2919.13966651706,0.8774063020666837,2.83367446307636,3.4722222222222223,2,121,light,opt,3.0
8,1008,1399.888888888889,51,304.49407983930325,6692.265987511928,0.21014492753623187,3686.744927214575,0.9408636029981348,4.036295327893955,3.888888888888889,3,138,light,opt,3.0
9,1009,1333.5791949318964,51,201.64735993553344,3185.2862593169193,0.18181818181818182,3154.1351510012723,0.9219973072341688,3.5135763830844673,3.9444444444444446,4,143,light,opt,3.0
10,1010,1482.2777777777783,54,212.7241688832885,3892.6081186565425,0.14285714285714285,3160.688546983647,0.904039545307899,2.9076233582936837,3.361111111111111,0,119,light,opt,3.0
11,1011,1575.2912147576103,59,158.0883884113088,5094.194219531884,0.12931034482758622,2932.3383048228657,0.9199488504608919,2.815652523844121,3.361111111111111,1,116,light,opt,3.0
12,1012,1347.5682674667614,49,69.06595234494779,3327.3849642895875,0.06140350877192982,2587.8812984417236,0.8154542901563101,2.2936561798515953,3.138888888888889,4,114,light,opt,3.0
13,1013,1311.770831915011,49,237.13732122764716,5567.880876563082,0.17482517482517482,3320.6317922888597,0.9074283361468115,3.70067010953077,3.888888888888889,5,143,light,opt,3.0
14,1014,1275.8269036756728,50,199.81569206696574,4916.823422243244,0.13138686131386862,2944.032244595295,0.829867041144477,3.1216758182243804,3.8333333333333335,0,137,light,opt,3.0
15,1015,1194.75,47,501.4019441401553,6121.68276722217,0.23484848484848486,3686.171830107853,0.8805253071192464,3.7795892819809045,3.6666666666666665,4,132,light,opt,3.0
16,1016,1442.2222222222217,54,212.94033845508034,4113.684676231336,0.14393939393939395,3355.1042025267334,0.9606659573016599,3.5033161930368903,3.7222222222222223,2,132,light,opt,3.0
17,1017,1395.388888888889,55,223.46234899971734,3945.327967172998,0.152,3205.7914339238664,0.8492053714062874,3.1697376063078906,3.5833333333333335,0,125,light,opt,3.0
18,1018,1203.9653266269304,44,274.8647028817313,5458.169243233722,0.14285714285714285,3289.120207300951,0.8539952893781593,3.0470895693360522,3.2222222222222223,5,119,light,opt,3.0
19,1019,1423.4722222222222,54,364.5912320402728,6167.772293479262,0.19285714285714287,3491.3156343168857,0.9605008504086199,4.097588058123114,4.083333333333333,1,140,light,opt,3.0
20,1020,1273.111111111111,47,412.54611680202805,6517.3950664406,0.24193548387096775,3731.5458669844966,0.8989055584655715,3.6292292866753746,3.4166666666666665,4,124,light,opt,3.0
21,1021,1148.0731238815074,41,467.2512774840236,4705.109628202394,0.2231404958677686,3717.9317320695814,0.8578551416998741,3.486396639659628,3.2222222222222223,7,121,light,opt,3.0
22,1022,1419.9166666666667,55,823.7383562475392,8997.305052308213,0.2857142857142857,3987.459091288232,0.8959208393958956,4.163495592939106,3.7222222222222223,3,133,light,opt,3.0
23,1023,1295.75,49,350.393796308826,4636.0586759785365,0.17391304347826086,3343.752771891134,0.8276495948248581,3.183885424126558,3.2777777777777777,3,115,light,opt,3.0
24,1024,1196.0833333333333,43,536.6267770877926,6849.45825332711,0.2926829268292683,3862.9055742765145,0.8454166666666667,3.666183531142061,3.4166666666666665,0,123,light,opt,3.0
25,1025,1240.4345976187547,44,661.6906041937436,6272.969617834933,0.3333333333333333,4515.821672233994,0.9942265025700272,4.813418489834613,3.7777777777777777,3,138,light,opt,3.0
26,1026,1325.2777777777774,50,133.9686112215558,3020.017858720632,0.13636363636363635,2827.3860619071743,0.8319879116168927,2.8894236095163994,3.5833333333333335,5,132,light,opt,3.0
27,1027,1413.1074209460148,51,472.80486337619425,5570.160199695121,0.18699186991869918,3712.0880439516336,0.9315909358801169,3.585072769044912,3.3333333333333335,6,123,light,opt,3.0
28,1028,1702.6388888888891,64,31.573225630365137,1265.9979263921705,0.059322033898305086,2467.837792149409,0.8654267499801899,2.271804858167335,3.3333333333333335,4,118,light,opt,3.0
29,1029,1523.297409139034,59,448.1592091059162,4490.698902352218,0.25384615384615383,3928.289557127817,0.9411011321682502,3.9527936054944584,3.611111111111111,1,130,light,opt,3.0
0,1000,1215.7997548684257,46,189.5011747978098,4911.054717266583,0.11811023622047244,2987.5072927318097,0.8661172158585132,2.942972356112678,3.5555555555555554,0,127,light,opt,10.0
1,1001,1188.5,46,598.7612216567634,8306.519014553363,0.22794117647058823,4065.8137765247016,0.9090895061728395,4.266594703760492,3.7777777777777777,0,136,light,opt,10.0
2,1002,1203.5646498207304,45,363.3050738309995,5906.7009162331815,0.15671641791044777,3195.4873930809554,0.8487448101353882,3.303976162599135,3.638888888888889,3,134,light,opt,10.0
3,1003,1281.5427921597775,51,194.6671920739543,5516.183254425632,0.10084033613445378,2892.2810808781724,0.8338158990567283,2.6557210542014094,3.2777777777777777,1,119,light,opt,10.0
4,1004,1326.0277777777778,49,135.8692928433265,2922.273736861185,0.11627906976744186,2928.652835832546,0.9170419022129422,2.9569031536023656,3.5277777777777777,7,129,light,opt,10.0
5,1005,1237.6285701929623,47,593.8045494845408,10968.707812251596,0.264,3692.19768995982,0.8798580290234582,3.613638884127711,3.5555555555555554,1,125,light,opt,10.0
6,1006,1315.6364216446398,53,587.9392978040561,13483.717438056869,0.2328767123287671,3645.334076812659,0.951338848828101,4.127793074633318,4.027777777777778,3,146,light,opt,10.0
7,1007,1374.9251375968581,54,192.66602077471202,3899.429573539128,0.1487603305785124,2874.1750931548218,0.8723214255234738,2.7916936499835288,3.4722222222222223,2,121,light,opt,10.0
8,1008,1382.8055555555557,53,429.6241016723075,5573.615202877467,0.21014492753623187,3595.6362315624015,0.934142923985789,3.9392814390050663,3.888888888888889,3,138,light,opt,10.0
9,1009,1216.7330801348612,47,345.8106526966675,6837.981733912675,0.14685314685314685,2926.175551751336,0.890986504765033,3.2627336153935658,3.9444444444444446,4,143,light,opt,10.0
10,1010,1420.8888888888891,53,329.458148429695,5446.116891050788,0.13445378151260504,3276.1731260394545,0.8869870761720966,3.0136624393711613,3.361111111111111,0,119,light,opt,10.0
11,1011,1593.388888888889,59,188.08514019376088,4687.278387143728,0.09482758620689655,2690.375460900808,0.9065537887324967,2.5570883624394645,3.388888888888889,2,116,light,opt,10.0
12,1012,1313.7349341334286,47,94.16052820685223,3992.3849642895875,0.06140350877192982,2621.7897346046934,0.8181857716377916,2.3234830449949477,3.0277777777777777,8,114,light,opt,10.0
13,1013,1276.1319430261221,47,340.45854636936787,7815.880876563082,0.18181818181818182,3358.7302428861517,0.9084545707147127,3.7427077517793257,3.75,10,143,light,opt,10.0
14,1014,1286.7435703423394,51,197.4477384025812,4916.823422243244,0.145985401459854,2959.251222697485,0.8328994485518844,3.1377637811873433,3.8333333333333335,0,137,light,opt,10.0
15,1015,1137.459929445339,46,530.8816879729533,7669.722245778463,0.22727272727272727,3826.338407785978,0.8870916651439378,3.922351537023439,3.5555555555555554,8,132,light,opt,10.0
16,1016,1442.4166666666663,54,216.06441697264353,4066.684676231336,0.13636363636363635,3350.392081314613,0.960719969647339,3.498516810320841,3.7222222222222223,2,132,light,opt,10.0
17,1017,1272.888888888889,50,332.0709178107882,6696.024001919039,0.136,2957.513254603367,0.8151775936285095,2.930271769771913,3.5833333333333335,0,125,light,opt,10.0
18,1018,1127.5774862058176,43,324.6990721295365,8184.169243233722,0.08403361344537816,3008.159143099361,0.832398067155937,2.7891083452620604,3.2222222222222223,5,119,light,opt,10.0
19,1019,1404.75,54,552.0438658511957,11388.288332920369,0.12857142857142856,3465.18232222623,0.9386720905945137,4.053113846621619,4.166666666666667,0,140,light,opt,10.0
20,1020,1187.25,44,404.2225041671155,10000.020290932007,0.12903225806451613,3368.1011630860467,0.8782056548031484,3.28148898356266,3.4722222222222223,2,124,light,opt,10.0
21,1021,1162.989790548174,42,490.45809898027557,5837.320559908199,0.21487603305785125,3664.576360168755,0.8623690305887629,3.4365818248448132,3.2222222222222223,7,121,light,opt,10.0
22,1022,1370.3055555555557,54,447.1795066859674,6017.278651802422,0.21804511278195488,3345.246946643172,0.8818390492724391,3.504435290178356,3.7222222222222223,3,133,light,opt,10.0
23,1023,1292.9191890053812,51,446.6922755337007,5558.0586759785365,0.21739130434782608,3408.578069245971,0.8274067991570009,3.241407871625063,3.3055555555555554,2,115,light,opt,10.0
24,1024,1109.5277777777778,40,659.9319165172257,10791.853612331579,0.1951219512195122,3573.9565487536715,0.8213734567901234,3.391949502289364,3.4166666666666665,0,123,light,opt,10.0
25,1025,1234.517930952088,44,498.56550969041007,6918.219391104358,0.21739130434782608,4046.0173244079065,0.9942265025700272,4.3131638602049875,3.7777777777777777,3,138,light,opt,10.0
26,1026,1279.2222222222217,50,214.0561776103647,2945.017858720632,0.14393939393939395,2735.5154699990508,0.8191947017403495,2.795851710350718,3.5833333333333335,5,132,light,opt,10.0
27,1027,1365.7740876126816,50,726.4804108897034,9873.154252000699,0.21951219512195122,3924.246040953139,0.9184427877319687,3.786426423606525,3.3333333333333335,6,123,light,opt,10.0
28,1028,1716.0555555555557,65,47.54646677119166,2049.9979263921705,0.059322033898305086,2439.3374927816367,0.8685054536838936,2.2458555115207517,3.3333333333333335,4,118,light,opt,10.0
29,1029,1427.6029646945894,55,557.0064160842971,10368.113920210817,0.18461538461538463,3662.9324952061065,0.9145193420447933,3.686617540295214,3.611111111111111,1,130,light,opt,10.0
0,1000,1229.99419931287,47,201.28123331348317,5343.054717266583,0.11811023622047244,3015.5270030232355,0.8700601170930811,2.9704299425865286,3.5555555555555554,0,127,light,opt,30.0
1,1001,1125.611111111111,44,788.8414063029552,8306.519014553363,0.25735294117647056,4173.959819021353,0.8916203703703703,4.380081291565621,3.7777777777777777,0,136,light,opt,30.0
2,1002,1203.5646498207304,45,363.3050738309995,5906.7009162331815,0.15671641791044777,3195.4873930809554,0.8487448101353882,3.303976162599135,3.638888888888889,3,134,light,opt,30.0
3,1003,1281.5427921597775,51,194.6671920739543,5516.183254425632,0.10084033613445378,2892.2810808781724,0.8338158990567283,2.6557210542014094,3.2777777777777777,1,119,light,opt,30.0
4,1004,1326.0277777777778,49,135.8692928433265,2922.273736861185,0.11627906976744186,2928.652835832546,0.9170419022129422,2.9569031536023656,3.5277777777777777,7,129,light,opt,30.0
5,1005,1237.6285701929623,47,593.8045494845408,10968.707812251596,0.264,3692.19768995982,0.8798580290234582,3.613638884127711,3.5555555555555554,1,125,light,opt,30.0
6,1006,1315.6364216446398,53,587.9392978040561,13483.717438056869,0.2328767123287671,3645.334076812659,0.951338848828101,4.127793074633318,4.027777777777778,3,146,light,opt,30.0
7,1007,1374.9251375968581,54,192.66602077471202,3899.429573539128,0.1487603305785124,2874.1750931548218,0.8723214255234738,2.7916936499835288,3.4722222222222223,2,121,light,opt,30.0
8,1008,1382.8055555555557,53,429.6241016723075,5573.615202877467,0.21014492753623187,3595.6362315624015,0.934142923985789,3.9392814390050663,3.888888888888889,3,138,light,opt,30.0
9,1009,1216.7330801348612,47,345.8106526966675,6837.981733912675,0.14685314685314685,2926.175551751336,0.890986504765033,3.2627336153935658,3.9444444444444446,4,143,light,opt,30.0
10,1010,1420.8888888888891,53,329.458148429695,5446.116891050788,0.13445378151260504,3276.1731260394545,0.8869870761720966,3.0136624393711613,3.361111111111111,0,119,light,opt,30.0
11,1011,1596.5967703131655,60,191.33374812889747,4647.278387143728,0.08620689655172414,2703.580388234059,0.9028269368806449,2.650224422902659,3.5,1,116,light,opt,30.0
12,1012,1313.7349341334286,47,94.16052820685223,3992.3849642895875,0.06140350877192982,2621.7897346046934,0.8181857716377916,2.3234830449949477,3.0277777777777777,8,114,light,opt,30.0
13,1013,1289.548609692789,48,334.668149855086,7640.880876563082,0.18181818181818182,3297.656032564722,0.9121814225665646,3.6753187697116987,3.75,10,143,light,opt,30.0
14,1014,1286.7435703423394,51,197.4477384025812,4916.823422243244,0.145985401459854,2959.251222697485,0.8328994485518844,3.1377637811873433,3.8333333333333335,0,137,light,opt,30.0
15,1015,1137.459929445339,46,530.8816879729533,7669.722245778463,0.22727272727272727,3826.338407785978,0.8870916651439378,3.922351537023439,3.5555555555555554,8,132,light,opt,30.0
16,1016,1442.4166666666663,54,216.06441697264353,4066.684676231336,0.13636363636363635,3350.392081314613,0.960719969647339,3.498516810320841,3.7222222222222223,2,132,light,opt,30.0
17,1017,1272.888888888889,50,332.0709178107882,6696.024001919039,0.136,2957.513254603367,0.8151775936285095,2.930271769771913,3.5833333333333335,0,125,light,opt,30.0
18,1018,1127.5774862058176,43,324.6990721295365,8184.169243233722,0.08403361344537816,3008.159143099361,0.832398067155937,2.7891083452620604,3.2222222222222223,5,119,light,opt,30.0
19,1019,1404.75,54,552.0438658511957,11388.288332920369,0.12857142857142856,3465.18232222623,0.9386720905945137,4.053113846621619,4.166666666666667,0,140,light,opt,30.0
20,1020,1187.25,44,404.2225041671155,10000.020290932007,0.12903225806451613,3368.1011630860467,0.8782056548031484,3.28148898356266,3.4722222222222223,2,124,light,opt,30.0
21,1021,1114.4342349926185,41,647.7820363913509,8692.11794670629,0.17355371900826447,3711.808804865581,0.848264092317158,3.480680017810215,3.2222222222222223,7,121,light,opt,30.0
22,1022,1381.333333333333,53,665.6240781820492,10979.278651802422,0.20300751879699247,3638.668151345075,0.8851260863094759,3.805554273398674,3.7222222222222223,3,133,light,opt,30.0
23,1023,1279.5025223387145,50,661.8589776574662,8861.892431833796,0.1826086956521739,3584.995460550319,0.823679947305149,3.3979510815016063,3.3055555555555554,2,115,light,opt,30.0
24,1024,1131.6944444444443,41,669.3917804294944,10791.853612331579,0.1951219512195122,3568.330532493509,0.8275308641975309,3.386609996116525,3.4166666666666665,0,123,light,opt,30.0
25,1025,1187.379042063199,43,697.5925092648064,9825.111428370627,0.2318840579710145,4350.744685310929,0.9804765025700272,4.637642068573944,3.7777777777777777,3,138,light,opt,30.0
26,1026,1279.2222222222217,50,214.0561776103647,2945.017858720632,0.14393939393939395,2735.5154699990508,0.8191947017403495,2.795851710350718,3.5833333333333335,5,132,light,opt,30.0
27,1027,1365.7740876126816,50,726.4804108897034,9873.154252000699,0.21951219512195122,3924.246040953139,0.9184427877319687,3.786426423606525,3.3333333333333335,6,123,light,opt,30.0
28,1028,1716.0555555555557,65,47.54646677119166,2049.9979263921705,0.059322033898305086,2439.3374927816367,0.8685054536838936,2.2458555115207517,3.3333333333333335,4,118,light,opt,30.0
29,1029,1438.686298027923,56,569.7652603340736,10368.113920210817,0.19230769230769232,3657.1786490522604,0.9175980457484971,3.6808459353569423,3.611111111111111,1,130,light,opt,30.0
0,1000,1229.99419931287,47,201.28123331348317,5343.054717266583,0.11811023622047244,3015.5270030232355,0.8700601170930811,2.9704299425865286,3.5555555555555554,0,127,light,opt,100.0
1,1001,1125.611111111111,44,788.8414063029552,8306.519014553363,0.25735294117647056,4173.959819021353,0.8916203703703703,4.380081291565621,3.7777777777777777,0,136,light,opt,100.0
2,1002,1203.5646498207304,45,363.3050738309995,5906.7009162331815,0.15671641791044777,3195.4873930809554,0.8487448101353882,3.303976162599135,3.638888888888889,3,134,light,opt,100.0
3,1003,1281.5427921597775,51,194.6671920739543,5516.183254425632,0.10084033613445378,2892.2810808781724,0.8338158990567283,2.6557210542014094,3.2777777777777777,1,119,light,opt,100.0
4,1004,1326.0277777777778,49,135.8692928433265,2922.273736861185,0.11627906976744186,2928.652835832546,0.9170419022129422,2.9569031536023656,3.5277777777777777,7,129,light,opt,100.0
5,1005,1237.6285701929623,47,593.8045494845408,10968.707812251596,0.264,3692.19768995982,0.8798580290234582,3.613638884127711,3.5555555555555554,1,125,light,opt,100.0
6,1006,1315.6364216446398,53,587.9392978040561,13483.717438056869,0.2328767123287671,3645.334076812659,0.951338848828101,4.127793074633318,4.027777777777778,3,146,light,opt,100.0
7,1007,1374.9251375968581,54,192.66602077471202,3899.429573539128,0.1487603305785124,2874.1750931548218,0.8723214255234738,2.7916936499835288,3.4722222222222223,2,121,light,opt,100.0
8,1008,1382.8055555555557,53,429.6241016723075,5573.615202877467,0.21014492753623187,3595.6362315624015,0.934142923985789,3.9392814390050663,3.888888888888889,3,138,light,opt,100.0
9,1009,1216.7330801348612,47,345.8106526966675,6837.981733912675,0.14685314685314685,2926.175551751336,0.890986504765033,3.2627336153935658,3.9444444444444446,4,143,light,opt,100.0
10,1010,1420.8888888888891,53,329.458148429695,5446.116891050788,0.13445378151260504,3276.1731260394545,0.8869870761720966,3.0136624393711613,3.361111111111111,0,119,light,opt,100.0
11,1011,1596.5967703131655,60,191.33374812889747,4647.278387143728,0.08620689655172414,2703.580388234059,0.9028269368806449,2.650224422902659,3.5,1,116,light,opt,100.0
12,1012,1313.7349341334286,47,94.16052820685223,3992.3849642895875,0.06140350877192982,2621.7897346046934,0.8181857716377916,2.3234830449949477,3.0277777777777777,8,114,light,opt,100.0
13,1013,1289.548609692789,48,334.668149855086,7640.880876563082,0.18181818181818182,3297.656032564722,0.9121814225665646,3.6753187697116987,3.75,10,143,light,opt,100.0
14,1014,1286.7435703423394,51,197.4477384025812,4916.823422243244,0.145985401459854,2959.251222697485,0.8328994485518844,3.1377637811873433,3.8333333333333335,0,137,light,opt,100.0
15,1015,1137.459929445339,46,530.8816879729533,7669.722245778463,0.22727272727272727,3826.338407785978,0.8870916651439378,3.922351537023439,3.5555555555555554,8,132,light,opt,100.0
16,1016,1442.4166666666663,54,216.06441697264353,4066.684676231336,0.13636363636363635,3350.392081314613,0.960719969647339,3.498516810320841,3.7222222222222223,2,132,light,opt,100.0
17,1017,1272.888888888889,50,332.0709178107882,6696.024001919039,0.136,2957.513254603367,0.8151775936285095,2.930271769771913,3.5833333333333335,0,125,light,opt,100.0
18,1018,1127.5774862058176,43,324.6990721295365,8184.169243233722,0.08403361344537816,3008.159143099361,0.832398067155937,2.7891083452620604,3.2222222222222223,5,119,light,opt,100.0
19,1019,1404.75,54,552.0438658511957,11388.288332920369,0.12857142857142856,3465.18232222623,0.9386720905945137,4.053113846621619,4.166666666666667,0,140,light,opt,100.0
20,1020,1187.25,44,404.2225041671155,10000.020290932007,0.12903225806451613,3368.1011630860467,0.8782056548031484,3.28148898356266,3.4722222222222223,2,124,light,opt,100.0
21,1021,1114.4342349926185,41,647.7820363913509,8692.11794670629,0.17355371900826447,3711.808804865581,0.848264092317158,3.480680017810215,3.2222222222222223,7,121,light,opt,100.0
22,1022,1381.333333333333,53,665.6240781820492,10979.278651802422,0.20300751879699247,3638.668151345075,0.8851260863094759,3.805554273398674,3.7222222222222223,3,133,light,opt,100.0
23,1023,1279.5025223387145,50,661.8589776574662,8861.892431833796,0.1826086956521739,3584.995460550319,0.823679947305149,3.3979510815016063,3.3055555555555554,2,115,light,opt,100.0
24,1024,1131.6944444444443,41,669.3917804294944,10791.853612331579,0.1951219512195122,3568.330532493509,0.8275308641975309,3.386609996116525,3.4166666666666665,0,123,light,opt,100.0
25,1025,1187.379042063199,43,697.5925092648064,9825.111428370627,0.2318840579710145,4350.744685310929,0.9804765025700272,4.637642068573944,3.7777777777777777,3,138,light,opt,100.0
26,1026,1279.2222222222217,50,214.0561776103647,2945.017858720632,0.14393939393939395,2735.5154699990508,0.8191947017403495,2.795851710350718,3.5833333333333335,5,132,light,opt,100.0
27,1027,1365.7740876126816,50,726.4804108897034,9873.154252000699,0.21951219512195122,3924.246040953139,0.9184427877319687,3.786426423606525,3.3333333333333335,6,123,light,opt,100.0
28,1028,1716.0555555555557,65,47.54646677119166,2049.9979263921705,0.059322033898305086,2439.3374927816367,0.8685054536838936,2.2458555115207517,3.3333333333333335,4,118,light,opt,100.0
29,1029,1438.686298027923,56,569.7652603340736,10368.113920210817,0.19230769230769232,3657.1786490522604,0.9175980457484971,3.6808459353569423,3.611111111111111,1,130,light,opt,100.0
0,1000,1229.99419931287,47,201.28123331348317,5343.054717266583,0.11811023622047244,3015.5270030232355,0.8700601170930811,2.9704299425865286,3.5555555555555554,0,127,light,opt,300.0
1,1001,1125.611111111111,44,788.8414063029552,8306.519014553363,0.25735294117647056,4173.959819021353,0.8916203703703703,4.380081291565621,3.7777777777777777,0,136,light,opt,300.0
2,1002,1203.5646498207304,45,363.3050738309995,5906.7009162331815,0.15671641791044777,3195.4873930809554,0.8487448101353882,3.303976162599135,3.638888888888889,3,134,light,opt,300.0
3,1003,1281.5427921597775,51,194.6671920739543,5516.183254425632,0.10084033613445378,2892.2810808781724,0.8338158990567283,2.6557210542014094,3.2777777777777777,1,119,light,opt,300.0
4,1004,1326.0277777777778,49,135.8692928433265,2922.273736861185,0.11627906976744186,2928.652835832546,0.9170419022129422,2.9569031536023656,3.5277777777777777,7,129,light,opt,300.0
5,1005,1237.6285701929623,47,593.8045494845408,10968.707812251596,0.264,3692.19768995982,0.8798580290234582,3.613638884127711,3.5555555555555554,1,125,light,opt,300.0
6,1006,1315.6364216446398,53,587.9392978040561,13483.717438056869,0.2328767123287671,3645.334076812659,0.951338848828101,4.127793074633318,4.027777777777778,3,146,light,opt,300.0
7,1007,1374.9251375968581,54,192.66602077471202,3899.429573539128,0.1487603305785124,2874.1750931548218,0.8723214255234738,2.7916936499835288,3.4722222222222223,2,121,light,opt,300.0
8,1008,1382.8055555555557,53,429.6241016723075,5573.615202877467,0.21014492753623187,3595.6362315624015,0.934142923985789,3.9392814390050663,3.888888888888889,3,138,light,opt,300.0
9,1009,1216.7330801348612,47,345.8106526966675,6837.981733912675,0.14685314685314685,2926.175551751336,0.890986504765033,3.2627336153935658,3.9444444444444446,4,143,light,opt,300.0
10,1010,1420.8888888888891,53,329.458148429695,5446.116891050788,0.13445378151260504,3276.1731260394545,0.8869870761720966,3.0136624393711613,3.361111111111111,0,119,light,opt,300.0
11,1011,1596.5967703131655,60,191.33374812889747,4647.278387143728,0.08620689655172414,2703.580388234059,0.9028269368806449,2.650224422902659,3.5,1,116,light,opt,300.0
12,1012,1313.7349341334286,47,94.16052820685223,3992.3849642895875,0.06140350877192982,2621.7897346046934,0.8181857716377916,2.3234830449949477,3.0277777777777777,8,114,light,opt,300.0
13,1013,1289.548609692789,48,334.668149855086,7640.880876563082,0.18181818181818182,3297.656032564722,0.9121814225665646,3.6753187697116987,3.75,10,143,light,opt,300.0
14,1014,1286.7435703423394,51,197.4477384025812,4916.823422243244,0.145985401459854,2959.251222697485,0.8328994485518844,3.1377637811873433,3.8333333333333335,0,137,light,opt,300.0
15,1015,1137.459929445339,46,530.8816879729533,7669.722245778463,0.22727272727272727,3826.338407785978,0.8870916651439378,3.922351537023439,3.5555555555555554,8,132,light,opt,300.0
16,1016,1442.4166666666663,54,216.06441697264353,4066.684676231336,0.13636363636363635,3350.392081314613,0.960719969647339,3.498516810320841,3.7222222222222223,2,132,light,opt,300.0
17,1017,1272.888888888889,50,332.0709178107882,6696.024001919039,0.136,2957.513254603367,0.8151775936285095,2.930271769771913,3.5833333333333335,0,125,light,opt,300.0
18,1018,1127.5774862058176,43,324.6990721295365,8184.169243233722,0.08403361344537816,3008.159143099361,0.832398067155937,2.7891083452620604,3.2222222222222223,5,119,light,opt,300.0
19,1019,1404.75,54,552.0438658511957,11388.288332920369,0.12857142857142856,3465.18232222623,0.9386720905945137,4.053113846621619,4.166666666666667,0,140,light,opt,300.0
20,1020,1187.25,44,404.2225041671155,10000.020290932007,0.12903225806451613,3368.1011630860467,0.8782056548031484,3.28148898356266,3.4722222222222223,2,124,light,opt,300.0
21,1021,1114.4342349926185,41,647.7820363913509,8692.11794670629,0.17355371900826447,3711.808804865581,0.848264092317158,3.480680017810215,3.2222222222222223,7,121,light,opt,300.0
22,1022,1381.333333333333,53,665.6240781820492,10979.278651802422,0.20300751879699247,3638.668151345075,0.8851260863094759,3.805554273398674,3.7222222222222223,3,133,light,opt,300.0
23,1023,1279.5025223387145,50,661.8589776574662,8861.892431833796,0.1826086956521739,3584.995460550319,0.823679947305149,3.3979510815016063,3.3055555555555554,2,115,light,opt,300.0
24,1024,1131.6944444444443,41,669.3917804294944,10791.853612331579,0.1951219512195122,3568.330532493509,0.8275308641975309,3.386609996116525,3.4166666666666665,0,123,light,opt,300.0
25,1025,1187.379042063199,43,697.5925092648064,9825.111428370627,0.2318840579710145,4350.744685310929,0.9804765025700272,4.637642068573944,3.7777777777777777,3,138,light,opt,300.0
26,1026,1279.2222222222217,50,214.0561776103647,2945.017858720632,0.14393939393939395,2735.5154699990508,0.8191947017403495,2.795851710350718,3.5833333333333335,5,132,light,opt,300.0
27,1027,1365.7740876126816,50,726.4804108897034,9873.154252000699,0.21951219512195122,3924.246040953139,0.9184427877319687,3.786426423606525,3.3333333333333335,6,123,light,opt,300.0
28,1028,1716.0555555555557,65,47.54646677119166,2049.9979263921705,0.059322033898305086,2439.3374927816367,0.8685054536838936,2.2458555115207517,3.3333333333333335,4,118,light,opt,300.0
29,1029,1438.686298027923,56,569.7652603340736,10368.113920210817,0.19230769230769232,3657.1786490522604,0.9175980457484971,3.6808459353569423,3.611111111111111,1,130,light,opt,300.0
0,1000,2066.9575709070145,76,23672.243306744702,46437.35844823664,0.9044943820224719,28797.998982934318,1.0,39.624744820614964,3.0277777777777777,73,178,medium,fcfs,
1,1001,1977.8705945155484,70,29136.51083952899,59672.555261065616,0.9583333333333334,34383.126789423375,1.0,51.46007284259264,3.0555555555555554,94,192,medium,fcfs,
2,1002,2036.882985032052,72,28289.213400625405,51053.897445880604,0.9513513513513514,33489.31496971727,1.0,48.211158518589755,3.138888888888889,82,185,medium,fcfs,
3,1003,2086.62045191139,72,21967.171356363306,52543.8899840652,0.8058823529411765,26796.865714488304,0.9825221018956122,35.15080786728296,2.5555555555555554,79,170,medium,fcfs,
4,1004,1873.8093180137673,66,24287.564879775633,51105.53493983217,0.9289617486338798,29508.832529074196,1.0,41.934128073577334,3.0277777777777777,84,183,medium,fcfs,
5,1005,1975.6552252552137,69,30917.12405086818,65030.40345444059,0.9647058823529412,36224.47517511929,1.0,47.75098959193786,2.8333333333333335,74,170,medium,fcfs,
6,1006,2147.4243995769057,76,30798.767270511195,59787.51158043237,0.9641025641025641,36038.96956032755,1.0,54.60037818639851,2.9444444444444446,96,195,medium,fcfs,
7,1007,1948.1728881036688,68,26983.264120157255,46712.48756509037,0.9710982658959537,32259.41798406359,1.0,43.35744999590386,2.9444444444444446,75,173,medium,fcfs,
8,1008,2152.694329971302,76,28302.39983103096,60024.64769428049,0.9621621621621622,33519.22055864615,1.0,48.292167042290934,2.9444444444444446,90,185,medium,fcfs,
9,1009,1952.8337141864347,71,25455.614609558997,55725.90677819912,0.9468085106382979,30643.818076476276,1.0,44.665547235910054,3.0833333333333335,86,188,medium,fcfs,
10,1010,2067.055555555555,70,27383.37228031134,54915.50419838932,0.9575757575757575,32646.072296986298,1.0,43.02432810239068,3.0555555555555554,72,165,medium,fcfs,
11,1011,2152.8611111111113,77,24940.882370970834,44873.14292320286,0.9473684210526315,30137.544265560246,1.0,40.82873500387481,3.2222222222222223,70,171,medium,fcfs,
12,1012,2102.26925791904,71,23900.59899786583,44525.05469585309,0.8959537572254336,28999.529405404828,1.0,39.46400092581707,2.8055555555555554,82,173,medium,fcfs,
13,1013,1988.9726982719903,69,22552.770129049146,50078.88585583941,0.9540816326530612,27741.384336123967,1.0,41.97396872699145,3.111111111111111,85,196,medium,fcfs,
14,1014,2211.481002143433,80,25894.865216060247,54006.74512101644,0.9533678756476683,31032.24000523179,1.0,46.24949645543147,3.0277777777777777,89,193,medium,fcfs,
15,1015,2076.222222222222,73,27658.396039319352,52777.1413277019,0.9617486338797814,32897.8902065089,1.0,46.76653252319048,2.9722222222222223,86,183,medium,fcfs,
16,1016,1996.9722222222222,71,28673.33045401103,54725.33616688236,0.9723756906077348,33945.21219303832,1.0,48.768547011518805,3.138888888888889,86,181,medium,fcfs,
17,1017,2032.3439137182593,74,23857.831734103263,51183.778226527385,0.9190751445086706,28980.951848642486,1.0,39.14233872753751,3.1666666666666665,71,173,medium,fcfs,
18,1018,2140.555555555556,79,23698.824696950913,43371.83245089147,0.9704142011834319,28902.436924206308,1.0,37.97730307292238,3.0277777777777777,67,169,medium,fcfs,
19,1019,2022.1835194232622,73,30140.22026193936,60716.56529817979,0.9689119170984456,35386.989163709455,1.0,53.30415572752728,2.9722222222222223,97,193,medium,fcfs,
20,1020,2026.5845471264765,71,19200.30586480981,43155.79890076126,0.8497109826589595,24344.31059734871,1.0,32.669845307284675,3.0555555555555554,68,173,medium,fcfs,
21,1021,2103.2226982863453,74,20638.971175292525,36156.09802849595,0.9433962264150944,25760.868399503826,1.0,31.877161869991962,3.3055555555555554,46,159,medium,fcfs,
22,1022,2094.8276908967327,73,24580.996881221334,54105.03313745225,0.9631578947368421,29806.71503243995,1.0,43.95377842834141,3.0,91,190,medium,fcfs,
23,1023,2059.111111111111,70,26019.373108546428,49455.921331777456,0.9595375722543352,31233.981530759138,1.0,42.168457926982036,2.861111111111111,79,173,medium,fcfs,
24,1024,2115.3611111111113,75,14569.105369166084,32526.218548610137,0.967948717948718,19710.64058747616,1.0,24.25868318680521,3.5833333333333335,37,156,medium,fcfs,
25,1025,1998.138888888889,71,35268.99654601858,65114.02401682577,0.9655172413793104,40528.401111685474,1.0,55.362619762810354,3.0,83,174,medium,fcfs,
26,1026,1983.9722222222226,70,33805.93304699719,65978.98905124134,0.9679144385026738,39094.002836428685,1.0,56.945484878749305,2.7222222222222223,103,187,medium,fcfs,
27,1027,1843.5277777777778,70,22575.47385330974,37686.7451768094,0.9534883720930233,27728.700806389454,1.0,37.63537187555428,3.4444444444444446,61,172,medium,fcfs,
28,1028,1973.3396790090037,68,22279.93687616341,46189.16190521773,0.9606741573033708,27547.793460771405,1.0,38.49945597751096,3.0833333333333335,79,178,medium,fcfs,
29,1029,2160.8888888888887,81,23350.225793355847,46334.54429563835,0.9625668449197861,28501.636208616525,1.0,41.358715340887,3.2222222222222223,78,187,medium,fcfs,
0,1000,2004.709095759652,73,22727.1475935204,43200.13478913836,0.9157303370786517,27887.62054044408,1.0,38.413607762256454,3.1666666666666665,68,178,medium,edd,
1,1001,1953.2594834044373,69,27753.28865933399,59042.90560850472,0.9583333333333334,32999.904609228375,1.0,49.38965354164697,3.0277777777777777,93,192,medium,edd,
2,1002,2059.228126079059,72,29361.570157382164,51964.0391303942,0.9513513513513514,34561.67172647402,1.0,49.723882284021855,3.138888888888889,82,185,medium,edd,
3,1003,1996.5648963558342,69,21076.186853724874,47145.99017193186,0.8,25873.15384617736,0.9803421008395836,33.93855056983141,2.6944444444444446,73,170,medium,edd,
4,1004,1955.861111111111,65,25344.769286035124,51494.11274818443,0.9289617486338798,30566.036935333686,1.0,43.629894052720786,2.9722222222222223,87,183,medium,edd,
5,1005,1938.111111111111,71,28765.259874127223,61020.82921816174,0.9529411764705882,34069.91912420678,1.0,44.848613507478454,2.9722222222222223,68,170,medium,edd,
6,1006,2084.146621799128,75,30800.122544279235,59257.37881265444,0.9641025641025641,36040.32483409558,1.0,54.627357791101716,3.0,95,195,medium,edd,
7,1007,1907.111111111111,66,24228.34046828525,41929.60031063194,0.9710982658959537,29504.49433219158,1.0,39.62705209619612,3.138888888888889,67,173,medium,edd,
8,1008,2071.8612255842536,73,28247.524222182845,56253.396728994165,0.9621621621621622,33464.34494979803,1.0,48.25540781482977,2.9722222222222223,87,185,medium,edd,
9,1009,1946.0277777777778,70,23498.067255636783,53032.9546301472,0.9414893617021277,28684.77574207274,1.0,41.68962130998414,3.0833333333333335,83,188,medium,edd,
10,1010,2040.138888888889,70,24971.994022248662,53106.574936435965,0.9575757575757575,30234.694038923615,1.0,39.5017532081764,3.0833333333333335,70,165,medium,edd,
11,1011,2121.118542423379,76,23067.52095236425,40898.87539596122,0.9473684210526315,28264.182846953667,1.0,38.333777171664295,3.2777777777777777,67,171,medium,edd,
12,1012,2085.6859245857067,70,23196.156145670284,41475.85528507971,0.8959537572254336,28295.086553209294,1.0,38.45655792095727,2.861111111111111,80,173,medium,edd,
13,1013,2055.2504760497686,73,25915.017270765267,51975.87081831832,0.9540816326530612,31132.5064353527,1.0,47.129130499556396,3.0555555555555554,89,196,medium,edd,
14,1014,2083.869891032322,79,20794.479889564456,43419.658378336375,0.9481865284974094,25930.40714949369,1.0,38.651859563784434,3.4444444444444446,74,193,medium,edd,
15,1015,2167.5436311509834,73,32130.74579314423,55355.37457832684,0.9617486338797814,37370.23996033377,1.0,53.33120186264125,2.8333333333333335,93,183,medium,edd,
16,1016,2041.9722222222222,71,28022.64616042779,56466.33616688236,0.9723756906077348,33294.527899455075,1.0,47.680522320160776,3.138888888888889,84,181,medium,edd,
17,1017,2015.3888888888894,71,21985.697961377413,50022.43431196686,0.9190751445086706,27108.81807591664,1.0,36.729447047076754,3.2222222222222223,68,173,medium,edd,
18,1018,2158.1666666666665,79,23173.5469689378,45202.31404479832,0.9704142011834319,28377.15919619319,1.0,37.26768936895467,2.9166666666666665,71,169,medium,edd,
19,1019,2022.9722222222222,72,29085.534286287737,60145.171997417216,0.9689119170984456,34332.30318805784,1.0,51.59030541888529,2.9722222222222223,96,193,medium,edd,
20,1020,2048.777777777778,70,23325.27745881135,46769.276090312545,0.9479768786127167,28564.77779511627,1.0,38.500801760243384,3.0277777777777777,72,173,medium,edd,
21,1021,2115.416666666666,76,19077.468030638436,36156.09802849595,0.9433962264150944,24199.365254849738,1.0,29.887092425547518,3.3055555555555554,46,159,medium,edd,
22,1022,2081.1111111111113,74,23929.019002946163,53137.77510210955,0.9631578947368421,29154.737154164784,1.0,43.02607781105746,3.0,90,190,medium,edd,
23,1023,2138.837476899823,72,25922.81560851648,49913.453251406376,0.9595375722543352,31137.424030729188,1.0,41.882573693389645,2.75,82,173,medium,edd,
24,1024,2159.8611111111113,76,14864.679581928252,34381.20929595319,0.967948717948718,20006.214800238322,1.0,24.587738566364607,3.5,40,156,medium,edd,
25,1025,1964.3055555555557,72,36343.04827015651,64475.81140124578,0.9655172413793104,41602.4528358234,1.0,57.33443732619719,3.0555555555555554,83,174,medium,edd,
26,1026,1962.2500000000005,69,33249.18438389559,66542.04287308273,0.9679144385026738,38537.254173327085,1.0,56.380501242355045,2.6944444444444446,103,187,medium,edd,
27,1027,1921.156717152034,71,21846.22133743703,41245.878379125206,0.9534883720930233,26999.448290516742,1.0,36.5821250320926,3.3055555555555554,65,172,medium,edd,
28,1028,2067.722222222222,70,24812.50283870211,50116.049255163845,0.9606741573033708,30080.359423310118,1.0,41.81336954402747,2.6944444444444446,91,178,medium,edd,
29,1029,2132.6111111111113,80,20653.72235617295,44171.58117573024,0.9518716577540107,25789.31710803696,1.0,37.249613281256295,3.3055555555555554,70,187,medium,edd,
0,1000,964.1233814752292,38,1748.3465724864202,19921.84536719047,0.3707865168539326,5383.402609713018,0.9626000708368497,7.518609369740025,4.916666666666667,5,178,medium,grouped,
1,1001,766.5277777777782,30,2825.563401705653,24541.645283157166,0.421875,6787.587155659424,0.987267275608466,10.26732856714481,5.083333333333333,15,192,medium,grouped,
2,1002,959.6934947232385,35,1950.146870279919,12563.265832269331,0.40540540540540543,5970.841192777339,0.9879842073394327,8.9149486530149,5.027777777777778,10,185,medium,grouped,
3,1003,1041.5,39,1589.139235411165,14403.384994859152,0.3411764705882353,5101.36305993943,0.9619675800765926,6.691602779241537,4.5,8,170,medium,grouped,
4,1004,703.3611111111111,26,2609.3207969687596,15063.216223279276,0.6010928961748634,7015.569848949418,1.0,10.025594839332205,5.138888888888889,6,183,medium,grouped,
5,1005,868.0833333333334,32,2692.0826431242185,20280.523603492977,0.4470588235294118,6681.637356765883,0.9670092432967161,8.84027843603694,4.722222222222222,4,170,medium,grouped,
6,1006,737.7577329102392,25,2842.3997469048445,27204.635245430472,0.441025641025641,6907.598950839572,0.9998613173839865,10.464733531808088,5.138888888888889,16,195,medium,grouped,
7,1007,899.7777777777778,33,2691.3461814846587,24942.874832081616,0.3699421965317919,6437.291403584869,0.9736556792304625,8.624925100011742,4.944444444444445,0,173,medium,grouped,
8,1008,954.1111111111111,36,2149.787139188079,16191.889911861523,0.3891891891891892,5870.63573112875,0.9820569406143216,8.574812061937374,5.166666666666667,7,185,medium,grouped,
9,1009,817.0003808531012,30,3279.0007438667,29327.478240162483,0.4308510638297872,7259.696670831093,0.997387682597749,10.562577172358559,5.0,10,188,medium,grouped,
10,1010,1133.3055555555557,42,974.8609934648929,9553.3489616827,0.3212121212121212,4622.572161099807,0.9646823337914175,6.0541529692071565,4.638888888888889,11,165,medium,grouped,
11,1011,1179.2436684498243,44,953.3519170176569,11035.922363296646,0.2807017543859649,4292.406293717224,0.9600733374764817,5.921961928231067,5.0,3,171,medium,grouped,
12,1012,989.75,38,958.913113263902,7986.740748148564,0.31213872832369943,4493.338190879074,0.9459247578122748,6.4022279829309285,4.416666666666667,23,173,medium,grouped,
13,1013,973.9996352379353,35,1764.5669606078936,15533.341096532007,0.4336734693877551,5659.202938835025,0.9760764806425762,8.57617100987833,5.222222222222222,9,196,medium,grouped,
14,1014,987.7222222222221,37,1660.350929095543,10370.55928304969,0.3471502590673575,5251.367937328099,0.9516957310782752,7.856685428383532,5.305555555555555,7,193,medium,grouped,
15,1015,975.8333333333337,36,1437.3409467504835,11807.699872584999,0.3825136612021858,5227.774777215123,0.9835300669776118,7.453413194458726,5.194444444444445,4,183,medium,grouped,
16,1016,894.2380952976852,33,1736.7800091490226,16076.832219901684,0.4143646408839779,5602.998737455719,0.995914137654449,8.068362434371156,5.111111111111111,4,181,medium,grouped,
17,1017,1196.1388888888885,47,750.3154389869572,8502.589733452012,0.23699421965317918,4026.369371878698,0.9503392448607226,5.588526947503399,4.694444444444445,14,173,medium,grouped,
18,1018,1128.337937835487,44,601.7725122504411,7162.463021642434,0.28402366863905326,4071.3829832260412,0.9263842574894402,5.570627794946597,4.5,14,169,medium,grouped,
19,1019,787.9459234546092,31,3070.509355008966,18899.053408699954,0.48704663212435234,6951.936738222776,0.9792519540460334,10.352807025285466,5.277777777777778,3,193,medium,grouped,
20,1020,912.9722222222222,34,2683.962825711405,24373.71442840142,0.3872832369942196,6471.092331507639,0.9366874373176104,8.734908550440078,4.638888888888889,10,173,medium,grouped,
21,1021,1178.4166666666667,45,591.8644906009838,6957.865728819088,0.24528301886792453,3818.803863574748,0.9026540153408149,4.787367923314958,4.277777777777778,9,159,medium,grouped,
22,1022,913.1944444444445,33,2799.041096608569,25486.966828096833,0.41578947368421054,6718.843734256413,1.0,9.90086357169654,5.083333333333333,10,190,medium,grouped,
23,1023,1103.3055555555557,40,1274.8655260279095,16202.5225861519,0.3352601156069364,4899.602368037979,0.987653450106242,6.657311359460749,4.833333333333333,8,173,medium,grouped,
24,1024,1402.8888888888885,52,284.7589232673819,6006.931047685255,0.1987179487179487,3169.097061260913,0.9002498966205206,4.125534483392293,4.444444444444445,4,156,medium,grouped,
25,1025,932.0833333333329,32,1909.7509443732363,19146.806752329285,0.4367816091954023,5935.27130866823,1.0,8.25364531302479,4.888888888888889,6,174,medium,grouped,
26,1026,674.3143955111404,24,3030.889513994619,23392.668198592182,0.5026737967914439,7230.238936514893,1.0,10.453325612397263,4.916666666666667,11,187,medium,grouped,
27,1027,1024.4722222222224,40,1166.8752320145038,9414.079377801856,0.313953488372093,4661.1896193003695,0.9781853276886,6.836765726561765,4.833333333333333,7,172,medium,grouped,
28,1028,925.9166666666666,33,2190.92682285638,16649.201998390257,0.4438202247191011,6325.314356115519,0.9927733075951417,8.823176473343532,4.833333333333333,14,178,medium,grouped,
29,1029,1200.383083998685,44,1339.3169667495936,11071.64019451727,0.40641711229946526,5076.538913791522,0.9709712815835863,7.337964119991298,5.111111111111111,6,187,medium,grouped,
0,1000,1297.8464597959037,51,2450.638107907378,17079.903704388475,0.48314606741573035,6368.474218586865,1.0,8.818761733779727,4.638888888888889,15,178,medium,opt,0.0
1,1001,1177.5277777777778,44,4180.246614843479,23890.916551094982,0.5364583333333334,8479.404331074944,1.0,12.720900308501141,5.027777777777778,17,192,medium,opt,0.0
2,1002,1194.138888888889,44,3219.0393412114217,18614.642143476238,0.5675675675675675,7411.657320093577,1.0,10.680947176403766,4.888888888888889,13,185,medium,opt,0.0
3,1003,1277.1944444444443,49,3348.4025893077246,18355.021829456542,0.49411764705882355,7332.297890898465,0.9762371625679787,9.61798334454274,4.388888888888889,12,170,medium,opt,0.0
4,1004,1110.4722222222226,42,3971.343003352056,24665.835289142648,0.5191256830601093,8243.815442135741,1.0,11.784762945766756,4.611111111111111,24,183,medium,opt,0.0
5,1005,1099.5277777777778,42,3452.339023103263,20039.46338445908,0.5235294117647059,7756.063460855973,1.0,10.269844504626358,4.694444444444445,6,170,medium,opt,0.0
6,1006,1239.0077329102392,47,4484.247952535572,24820.81636668247,0.5538461538461539,8607.346998649988,1.0,13.027814647189988,4.916666666666667,22,195,medium,opt,0.0
7,1007,1083.895110325891,41,3183.932442102853,17396.99105639469,0.5549132947976878,7490.511728951926,1.0,10.09710192322549,4.694444444444445,9,173,medium,opt,0.0
8,1008,1262.9443299713025,49,3173.028381384681,28877.082831014428,0.4864864864864865,7276.308715821736,1.0,10.587053559214919,4.916666666666667,15,185,medium,opt,0.0
9,1009,1306.832952480232,52,5174.892668944472,29666.819839310265,0.5053191489361702,9249.381473378833,1.0,13.453084659244343,4.805555555555555,19,188,medium,opt,0.0
10,1010,1246.7696191714122,46,1518.4278847800356,11757.259453571067,0.4727272727272727,5558.737015522986,1.0,7.378856777541773,4.75,5,165,medium,opt,0.0
11,1011,1315.2499999999998,49,681.6278299477111,7731.426900248669,0.27485380116959063,4532.859343083844,1.0,6.19831847975807,4.777777777777778,6,171,medium,opt,0.0
12,1012,1333.111111111111,50,1465.0758101433853,13694.088103113187,0.44508670520231214,5397.474992929837,0.9850991405283241,7.4511012350119215,4.5,19,173,medium,opt,0.0
13,1013,1312.4718574601575,49,2434.583108775636,21073.127611899006,0.4489795918367347,6463.877676188476,1.0,9.79311737192521,5.111111111111111,13,196,medium,opt,0.0
14,1014,1308.638888888889,48,1216.6832401700558,11251.463592758315,0.44559585492227977,5240.226253839251,1.0,7.840093260842269,5.194444444444445,11,193,medium,opt,0.0
15,1015,1173.888888888889,44,1989.7531991458957,18881.950343174452,0.48633879781420764,6197.178753545259,1.0,8.839219509195221,5.027777777777778,11,183,medium,opt,0.0
16,1016,1300.4722222222224,48,4218.882758735112,24029.86209139104,0.5303867403314917,8684.605248351021,1.0,12.35587836180106,4.944444444444445,14,181,medium,opt,0.0
17,1017,1389.8055555555557,51,1008.2836875434417,8589.435161262285,0.42196531791907516,4875.952694703531,1.0,6.620857638323378,4.694444444444445,11,173,medium,opt,0.0
18,1018,1507.1176113487195,57,1045.9296569261758,9861.833912611779,0.35502958579881655,4786.68153064165,1.0,6.403879758783307,4.611111111111111,10,169,medium,opt,0.0
19,1019,1313.1666666666667,51,5990.96822819889,36912.82423359448,0.47668393782383417,10001.399073436236,0.9885390427747174,14.944957160263455,4.916666666666667,20,193,medium,opt,0.0
20,1020,1435.0833333333335,53,3572.2511097634106,25018.92900288466,0.41040462427745666,7381.196606661274,0.9892067585858206,9.973898390703441,4.583333333333333,13,173,medium,opt,0.0
21,1021,1430.888888888889,53,686.6529310888977,5922.726608174678,0.36477987421383645,4370.438585514145,0.9625537066988396,5.541927761779318,4.361111111111111,8,159,medium,opt,0.0
22,1022,1228.6445313254894,45,3313.9034537085086,24988.69044865617,0.4842105263157895,7413.24883279759,1.0,10.981121094676935,4.861111111111111,20,190,medium,opt,0.0
23,1023,1260.6152546776004,46,1637.8486175399803,13382.016808850822,0.4046242774566474,5774.125144134738,1.0,7.822100668278424,4.555555555555555,13,173,medium,opt,0.0
24,1024,1497.227831593827,55,431.52495403962996,7404.07959863593,0.26282051282051283,3986.2906129879257,0.9298251764949468,4.973892462322957,4.5,2,156,medium,opt,0.0
25,1025,1207.4089414592354,47,6121.012824215501,28065.339122045276,0.5632183908045977,10385.03853299462,1.0,14.248136464627619,4.694444444444445,15,174,medium,opt,0.0
26,1026,1170.441091019334,45,7544.623904483176,46039.23313995694,0.5935828877005348,11877.775365086365,1.0,17.244540975138378,4.638888888888889,24,187,medium,opt,0.0
27,1027,1168.8789393742563,45,1789.2738997199126,12337.35210635468,0.4941860465116279,5970.59606030759,1.0,8.294553273134053,4.833333333333333,8,172,medium,opt,0.0
28,1028,1316.583333333333,51,3148.5036411304186,23025.08460770738,0.46629213483146065,7158.464931472958,1.0,10.100595360277138,4.583333333333333,20,178,medium,opt,0.0
29,1029,1374.855306220907,51,1084.0164372913484,11041.041802417487,0.36363636363636365,4867.1974829465225,0.9974064667687714,7.038894447028952,4.888888888888889,12,187,medium,opt,0.0
0,1000,1297.8464597959037,51,2450.638107907378,17079.903704388475,0.48314606741573035,6368.474218586865,1.0,8.818761733779727,4.638888888888889,15,178,medium,opt,0.3
1,1001,1131.8983722933262,42,3663.558090552087,22602.916551094982,0.53125,7938.192441464947,1.0,11.950190245170282,4.944444444444445,19,192,medium,opt,0.3
2,1002,1136.3333333333333,42,2361.8936009359204,16156.642143476238,0.4864864864864865,6559.145765409586,1.0,9.500661198824826,5.027777777777778,10,185,medium,opt,0.3
3,1003,1263.5555555555552,48,3208.930967800482,17612.70300407923,0.45294117647058824,7188.102574359165,0.9717505073954371,9.428838253403228,4.361111111111111,13,170,medium,opt,0.3
4,1004,1112.4798304871156,43,3895.0925131228387,24356.696840102115,0.5081967213114754,8115.8590847726455,1.0,11.549747648384576,4.611111111111111,24,183,medium,opt,0.3
5,1005,1053.5555555555557,41,2583.2814206987805,17989.584724900946,0.47058823529411764,6673.766411253835,0.9979371175446967,8.82995389331281,4.666666666666667,6,170,medium,opt,0.3
6,1006,1095.3333333333333,42,2955.212693614977,18569.041366409816,0.5538461538461539,7087.728495695337,1.0,10.709978165120871,5.055555555555555,17,195,medium,opt,0.3
7,1007,1118.8673325481132,44,3610.0919562185604,20047.293496665865,0.5375722543352601,7900.513023586214,1.0,10.644403034118486,4.666666666666667,10,173,medium,opt,0.3
8,1008,1273.5277777777778,50,3201.503585519151,27300.082831014428,0.4864864864864865,7329.270944811462,1.0,10.662655506461048,5.0,12,185,medium,opt,0.3
9,1009,1247.3614919642123,48,4321.099993894184,25153.87771696452,0.5159574468085106,8496.977290989002,1.0,12.357397825056754,4.777777777777778,18,188,medium,opt,0.3
10,1010,1246.7696191714122,46,1518.4278847800356,11757.259453571067,0.4727272727272727,5558.737015522986,1.0,7.378856777541773,4.75,5,165,medium,opt,0.3
11,1011,1348.951875756712,51,710.6291430194411,8107.426900248669,0.27485380116959063,4346.299504061865,1.0,5.952163136604069,4.75,7,171,medium,opt,0.3
12,1012,1333.111111111111,50,1465.0758101433853,13694.088103113187,0.44508670520231214,5397.474992929837,0.9850991405283241,7.4511012350119215,4.5,19,173,medium,opt,0.3
13,1013,1312.4718574601575,49,2434.583108775636,21073.127611899006,0.4489795918367347,6463.877676188476,1.0,9.79311737192521,5.111111111111111,13,196,medium,opt,0.3
14,1014,1260.6944444444443,47,1047.7742616372932,10596.147515594726,0.41450777202072536,4862.4370513669,1.0,7.27749051333329,5.222222222222222,10,193,medium,opt,0.3
15,1015,1173.888888888889,44,1989.7531991458957,18881.950343174452,0.48633879781420764,6197.178753545259,1.0,8.839219509195221,5.027777777777778,11,183,medium,opt,0.3
16,1016,1300.4722222222224,48,4218.882758735112,24029.86209139104,0.5303867403314917,8684.605248351021,1.0,12.35587836180106,4.944444444444445,14,181,medium,opt,0.3
17,1017,1398.5000000000002,51,1034.9048169850378,8589.435161262285,0.3988439306358382,4834.567390535716,0.9963257373310482,6.565613366556155,4.75,9,173,medium,opt,0.3
18,1018,1415.5065002376084,52,973.7740321635305,12155.833912611779,0.35502958579881655,4845.728303759974,0.9908672821807982,6.483308035457666,4.666666666666667,8,169,medium,opt,0.3
19,1019,1302.6666666666667,49,5810.573179428254,38224.197564298884,0.45077720207253885,9888.197552652466,0.9885390427747174,14.776377735022187,4.861111111111111,22,193,medium,opt,0.3
20,1020,1411.5833333333335,53,3792.229629750729,26758.52259910642,0.43352601156069365,7537.764289552414,0.9682113882154503,10.18289691801955,4.555555555555555,14,173,medium,opt,0.3
21,1021,1477.5277777777774,55,346.0937880938748,4202.058636691567,0.2641509433962264,3794.186545992216,0.9614194474395802,4.748493282145028,4.305555555555555,8,159,medium,opt,0.3
22,1022,1257.338975769934,46,3503.005252010275,26760.60549075497,0.4631578947368421,7491.93723738855,1.0,11.096482181654423,4.833333333333333,21,190,medium,opt,0.3
23,1023,1266.2541435664893,46,1735.1046953117568,17946.634297168683,0.4161849710982659,5625.997976504679,1.0,7.624369186796941,4.555555555555555,13,173,medium,opt,0.3
24,1024,1415.7500000000005,52,283.73711768431906,4638.057572968522,0.1987179487179487,3368.6643621488133,0.9047981142998907,4.230453456683279,4.444444444444445,4,156,medium,opt,0.3
25,1025,1207.4089414592354,47,6121.012824215501,28065.339122045276,0.5632183908045977,10385.03853299462,1.0,14.248136464627619,4.694444444444445,15,174,medium,opt,0.3
26,1026,1149.4688687971113,43,5876.338585888758,36085.4758014854,0.5668449197860963,10053.741342787373,1.0,14.5548063793319,4.777777777777778,21,187,medium,opt,0.3
27,1027,1186.6844949298118,47,1439.5804992824205,10267.22560827007,0.4069767441860465,5580.429538112979,1.0,7.686976112640228,4.833333333333333,7,172,medium,opt,0.3
28,1028,1161.5619012312259,44,2247.7376273527307,16334.279557187896,0.46629213483146065,6388.030264810346,1.0,9.04243663600288,4.75,14,178,medium,opt,0.3
29,1029,1424.744195109796,53,1104.7273766884343,11007.495904481271,0.32620320855614976,4874.085759871536,0.999154506104699,7.045844214257986,4.916666666666667,13,187,medium,opt,0.3
0,1000,1312.1666666666665,53,2259.6160352940956,17437.376257041004,0.449438202247191,6252.874829605018,0.9980212534212533,8.659990968048481,4.75,11,178,medium,opt,1.0
1,1001,1131.8983722933262,42,3663.558090552087,22602.916551094982,0.53125,7938.192441464947,1.0,11.950190245170282,4.944444444444445,19,192,medium,opt,1.0
2,1002,1108.888888888889,41,2067.908888056069,16156.642143476238,0.5027027027027027,6363.50367102497,1.0,9.221388147427032,5.0,11,185,medium,opt,1.0
3,1003,1263.5555555555552,48,3208.930967800482,17612.70300407923,0.45294117647058824,7188.102574359165,0.9717505073954371,9.428838253403228,4.361111111111111,13,170,medium,opt,1.0
4,1004,1112.4798304871156,43,3895.0925131228387,24356.696840102115,0.5081967213114754,8115.8590847726455,1.0,11.549747648384576,4.611111111111111,24,183,medium,opt,1.0
5,1005,1072.861111111111,39,2303.9565090310766,17464.584724900946,0.47058823529411764,6489.398959672978,0.9979371175446967,8.588113871949028,4.694444444444445,5,170,medium,opt,1.0
6,1006,1111.896621799128,42,2943.484141782604,18581.041366409816,0.5282051282051282,7063.964393131234,1.0,10.697737090811746,5.111111111111111,17,195,medium,opt,1.0
7,1007,1118.8673325481132,44,3610.0919562185604,20047.293496665865,0.5375722543352601,7880.455220118006,1.0,10.619279577328362,4.666666666666667,10,173,medium,opt,1.0
8,1008,1267.3609966379688,50,3292.8169751070577,27975.082831014428,0.4972972972972973,7344.022229335249,1.0,10.675772695017384,4.916666666666667,15,185,medium,opt,1.0
9,1009,1247.3614919642123,48,4293.14341196581,25153.87771696452,0.5159574468085106,8355.514525031555,1.0,12.152189491723421,4.777777777777778,18,188,medium,opt,1.0
10,1010,1252.1307302825235,47,1302.4115414824348,11669.57493643598,0.44242424242424244,5365.348797530233,1.0,7.13264492593063,4.555555555555555,12,165,medium,opt,1.0
11,1011,1364.8290165167539,54,941.6942642443543,14412.131445863764,0.2807017543859649,4461.480255377381,0.9870029094703819,6.104137739034267,4.694444444444445,9,171,medium,opt,1.0
12,1012,1257.5277777777778,48,1399.6608734171318,13694.088103113187,0.4393063583815029,5347.0264255370785,0.9641037701579538,7.383758625760786,4.5,19,173,medium,opt,1.0
13,1013,1312.4718574601575,49,2435.899435306248,21073.127611899006,0.4489795918367347,6454.642982310925,1.0,9.779151322542493,5.111111111111111,13,196,medium,opt,1.0
14,1014,1260.6944444444443,47,1047.7742616372932,10596.147515594726,0.41450777202072536,4862.4370513669,1.0,7.27749051333329,5.222222222222222,10,193,medium,opt,1.0
15,1015,1177.095257737905,46,1770.8941666135088,15763.950343174452,0.4972677595628415,5820.939862210515,1.0,8.297855951214835,5.138888888888889,7,183,medium,opt,1.0
16,1016,1150.3888888888891,43,2653.852382038808,17527.839747817954,0.4696132596685083,6834.460023445773,1.0,9.750263282502193,5.055555555555555,11,181,medium,opt,1.0
17,1017,1390.111111111111,53,895.9322531631548,9062.820423396988,0.36416184971098264,4548.400896038383,0.9963257373310482,6.183616425599065,4.722222222222222,10,173,medium,opt,1.0
18,1018,1449.8055555555557,57,994.4961466982916,9865.833912611779,0.31952662721893493,4633.225345180092,0.9935447513166007,6.222737047803343,4.666666666666667,8,169,medium,opt,1.0
19,1019,1328.3625901212758,54,5955.6408268478135,42158.82423359448,0.45077720207253885,9827.403473646882,0.9885390427747174,14.682320142836117,4.833333333333333,22,193,medium,opt,1.0
20,1020,1411.5833333333335,53,3792.229629750729,26758.52259910642,0.43352601156069365,7537.764289552414,0.9682113882154503,10.18289691801955,4.555555555555555,14,173,medium,opt,1.0
21,1021,1289.611111111111,49,266.68549797701803,4611.058636691567,0.20754716981132076,3464.3402049862993,0.911234262254395,4.352493527361536,4.305555555555555,8,159,medium,opt,1.0
22,1022,1257.338975769934,46,3503.005252010275,26760.60549075497,0.4631578947368421,7491.93723738855,1.0,11.096482181654423,4.833333333333333,21,190,medium,opt,1.0
23,1023,1233.5874768998228,45,1519.054905157603,12911.634297168683,0.4682080924855491,5533.045081524296,1.0,7.500288547664176,4.583333333333333,12,173,medium,opt,1.0
24,1024,1455.3611111111106,54,289.08899203985715,4638.057572968522,0.20512820512820512,3340.472499351551,0.9147363859048286,4.196518807019911,4.444444444444445,4,156,medium,opt,1.0
25,1025,1207.4089414592354,47,6121.012824215501,28065.339122045276,0.5632183908045977,10385.03853299462,1.0,14.248136464627619,4.694444444444445,15,174,medium,opt,1.0
26,1026,1157.8022021304448,43,5876.338585888758,36085.4758014854,0.5668449197860963,10053.741342787373,1.0,14.541322451038814,4.666666666666667,21,187,medium,opt,1.0
27,1027,1197.5683412754386,48,1206.5788758634137,9705.22560827007,0.37790697674418605,5056.816241985013,0.9992964387997112,6.958214639383975,4.833333333333333,7,172,medium,opt,1.0
28,1028,1238.333333333333,46,2443.1342614207815,18080.279557187896,0.46629213483146065,6674.371193647269,1.0,9.26987843298319,4.694444444444445,17,178,medium,opt,1.0
29,1029,1270.0775284431293,48,960.5406486052565,9883.041802417487,0.3689839572192513,4656.995174885552,0.9648678865218578,6.732603941168643,4.944444444444445,12,187,medium,opt,1.0
0,1000,1199.2499999999998,49,1794.2872633651282,13200.269543191287,0.43820224719101125,5696.903374482213,0.9980212534212533,7.896388197895245,4.666666666666667,14,178,medium,opt,3.0
1,1001,1200.388888888889,46,3942.1581986093024,22440.916551094982,0.5625,8248.998081074944,1.0,12.368716666525831,5.027777777777778,17,192,medium,opt,3.0
2,1002,1108.888888888889,41,1861.3912319166889,16156.642143476238,0.4810810810810811,6117.957725079024,1.0,8.870878888167772,5.0,11,185,medium,opt,3.0
3,1003,1263.5555555555552,48,3217.4599261971025,17612.70300407923,0.4588235294117647,7198.202574359166,0.9717505073954371,9.442086710193351,4.361111111111111,13,170,medium,opt,3.0
4,1004,1112.4798304871156,43,3773.0755964981736,24356.696840102115,0.5300546448087432,8034.356352532209,1.0,11.434662771841369,4.611111111111111,24,183,medium,opt,3.0
5,1005,979.9166666666666,36,2256.2623691382387,17496.584724900946,0.4235294117647059,6390.737577708245,0.995273132185605,8.454669157952079,4.694444444444445,5,170,medium,opt,3.0
6,1006,1111.896621799128,42,2943.484141782604,18581.041366409816,0.5282051282051282,7063.964393131234,1.0,10.697737090811746,5.111111111111111,17,195,medium,opt,3.0
7,1007,1153.8333333333333,44,3610.0919562185604,20047.293496665865,0.5375722543352601,7888.645971563093,1.0,10.560340132447683,4.611111111111111,10,173,medium,opt,3.0
8,1008,1273.0276633046353,51,2671.708215130363,26020.082831014428,0.42162162162162165,6465.335831952182,1.0,9.421474982703597,5.027777777777778,11,185,medium,opt,3.0
9,1009,1152.2798886490336,45,3610.3414959355164,21155.801725599304,0.4946808510638298,7593.937355047947,0.9950545986988056,11.047432485883004,4.888888888888889,14,188,medium,opt,3.0
10,1010,1237.083333333333,45,1170.1425730809478,11537.57493643598,0.42424242424242425,5072.166258921067,1.0,6.759380119830998,4.638888888888889,9,165,medium,opt,3.0
11,1011,1186.9381128942684,48,701.5058319181189,7369.922363296646,0.2573099415204678,4095.2904610442138,0.9643711769826545,5.620970649289117,4.805555555555555,5,171,medium,opt,3.0
12,1012,1141.6111111111113,43,860.013748978615,8064.45893482356,0.3468208092485549,4591.122895740717,0.9610790787999292,6.375446043548048,4.555555555555555,17,173,medium,opt,3.0
13,1013,1332.8051907934907,49,2274.6896809470736,22949.900624747665,0.4387755102040816,6255.54723857469,0.9959382840412452,9.478049734793249,5.083333333333333,14,196,medium,opt,3.0
14,1014,1201.9166666666667,47,1145.3530939788036,10804.155212926053,0.39378238341968913,4873.428771988048,0.9827142495967938,7.29385935654225,5.222222222222222,10,193,medium,opt,3.0
15,1015,1163.400813293461,44,1781.8398742095474,17237.950343174452,0.4808743169398907,5857.231052569496,1.0,8.349100456119881,5.055555555555555,10,183,medium,opt,3.0
16,1016,1221.5992064087964,46,3242.521940025995,22068.882517578648,0.4530386740331492,7299.58835286839,0.9986070388890169,10.39986380430385,4.972222222222222,14,181,medium,opt,3.0
17,1017,1239.2390586462352,48,856.3429246225334,8589.435161262285,0.36416184971098264,4494.317247992436,0.9855804414923394,6.111421432451311,4.638888888888889,13,173,medium,opt,3.0
18,1018,1312.3101600577093,52,788.2504505284667,8767.886587287365,0.3136094674556213,4112.538424655407,0.9567546278598106,5.550776480143838,4.75,5,169,medium,opt,3.0
19,1019,1293.2777777777778,52,5436.078285289212,36902.82423359448,0.45077720207253885,9352.707595553391,0.9830452156142235,13.966306991045661,4.888888888888889,20,193,medium,opt,3.0
20,1020,1246.2777777777778,48,3018.4649287485277,20660.445223177012,0.37572254335260113,6705.355558220376,0.9546079931537219,9.04762103671557,4.527777777777778,14,173,medium,opt,3.0
21,1021,1289.6111111111106,49,267.66470186913114,5735.058636691567,0.20125786163522014,3431.4345446089405,0.911234262254395,4.312123156991165,4.305555555555555,8,159,medium,opt,3.0
22,1022,1246.2556424366003,47,3459.9294669682063,27249.737109543552,0.49473684210526314,7437.116344603233,0.9931471325710757,11.016112045626558,4.833333333333333,21,190,medium,opt,3.0
23,1023,1225.8374768998228,45,1371.0553184806379,12575.634297168683,0.3988439306358382,5264.877451466492,1.0,7.172325584701213,4.583333333333333,12,173,medium,opt,3.0
24,1024,1406.4444444444448,51,268.3501178975656,3232.2295420133596,0.22435897435897437,3226.4795197250187,0.9010712624480387,4.133896084629949,4.444444444444445,4,156,medium,opt,3.0
25,1025,1153.4444444444443,44,5562.826985556302,24807.652143477193,0.5459770114942529,9735.604948022983,1.0,13.329397604944479,4.638888888888889,13,174,medium,opt,3.0
26,1026,1039.8299799082224,39,4931.722328986236,33543.23313995695,0.5561497326203209,9243.86839387503,1.0,13.355125531877519,4.694444444444445,19,187,medium,opt,3.0
27,1027,1195.1562102029493,48,1201.742262149949,8438.602124805097,0.36046511627906974,5083.142459541887,0.9986264023906863,6.993153755277357,4.833333333333333,7,172,medium,opt,3.0
28,1028,1241.8333333333333,46,2338.8636148151813,18375.858892857534,0.48314606741573035,6661.134284913068,0.9998334927803268,9.262361691048872,4.694444444444445,17,178,medium,opt,3.0
29,1029,1301.9664173320182,51,906.3702824499836,10886.041802417487,0.3582887700534759,4513.640845690679,0.9690036889909937,6.525757802592706,5.0,10,187,medium,opt,3.0
0,1000,1023.8333333333334,41,1205.76020864634,10856.663239634203,0.398876404494382,4933.430167722257,0.9756601423101421,6.87704228120333,4.638888888888889,15,178,medium,opt,10.0
1,1001,1083.222222222222,43,2182.6827059390794,16400.104560191656,0.4791666666666667,6240.526026961605,1.0,9.483518870308538,5.138888888888889,13,192,medium,opt,10.0
2,1002,975.9434947232382,38,985.7521816172152,7633.502314027282,0.3675675675675676,4859.627097580542,0.9900675406727659,7.1354857280723,4.888888888888889,14,185,medium,opt,10.0
3,1003,1071.5555555555552,41,1292.2963511110675,13373.51116042526,0.36470588235294116,4965.1160011159,0.9695910368667161,6.512883643439068,4.5,8,170,medium,opt,10.0
4,1004,878.7404949109664,35,2053.1520300986253,12814.608918962738,0.48633879781420764,6168.714416975684,0.9960677771547733,8.800307260986097,4.805555555555555,17,183,medium,opt,10.0
5,1005,934.7777777777778,36,2566.1803536554053,17927.584724900946,0.4294117647058823,6563.388908067767,0.9860293050251112,8.681140810429847,4.722222222222222,4,170,medium,opt,10.0
6,1006,1012.3132884657947,38,1840.0153997799582,13512.335019768245,0.4564102564102564,5847.654427846809,1.0,8.867641078231015,5.166666666666667,15,195,medium,opt,10.0
7,1007,959.3611111111111,36,2022.557258139312,13147.235254599567,0.43352601156069365,5885.402555066831,0.9805621379160322,7.884787979690595,4.75,7,173,medium,opt,10.0
8,1008,1119.3333333333333,43,2041.6768351499302,18969.082831014428,0.4594594594594595,6045.946665038847,1.0,8.893936434254776,5.055555555555555,10,185,medium,opt,10.0
9,1009,1142.0003808531012,42,3670.5861475781076,22193.801725599304,0.48936170212765956,7698.678704430507,0.9950545986988056,11.199372097641652,4.722222222222222,20,188,medium,opt,10.0
10,1010,1110.869269717477,42,814.6937600189947,8393.528840388244,0.3090909090909091,4428.859130637598,0.9591653584827756,5.738000096635863,4.472222222222222,11,165,medium,opt,10.0
11,1011,1233.6529038042236,48,812.9913820658878,11874.922363296646,0.3333333333333333,4273.943412481583,0.9705748806863583,5.8119695480353775,4.722222222222222,5,171,medium,opt,10.0
12,1012,1039.888888888889,43,846.502284568173,10366.777157781464,0.28901734104046245,4284.8016517506885,0.94048494299746,6.130032654579881,4.666666666666667,13,173,medium,opt,10.0
13,1013,1134.4996352379353,41,1708.8960287892803,15572.298933595463,0.44387755102040816,5702.488774428166,0.9918024815721094,8.641634156300054,5.194444444444445,10,196,medium,opt,10.0
14,1014,1124.6666666666667,44,959.3465850834525,10847.891665827163,0.36787564766839376,4730.234591174017,0.9602720358778362,7.080614936039874,5.222222222222222,10,193,medium,opt,10.0
15,1015,1089.3055555555557,41,1177.3884067377344,11675.28136251169,0.34972677595628415,4985.9102137828,0.9961535237677351,7.118763160610891,5.083333333333333,9,183,medium,opt,10.0
16,1016,1089.9325397421298,41,1948.251764166806,15540.486612606692,0.430939226519337,5982.496622276127,0.9986070388890169,8.573834017337933,4.944444444444445,10,181,medium,opt,10.0
17,1017,1227.4722222222217,50,570.3807199001716,5351.69409343708,0.26011560693641617,3930.354816487226,0.9636802942434387,5.3934920857539845,4.694444444444445,14,173,medium,opt,10.0
18,1018,1104.3420902656326,45,553.5028213424677,8772.287865380502,0.2958579881656805,3960.9689855214606,0.9197187442755917,5.4266465788040446,4.5,14,169,medium,opt,10.0
19,1019,1316.5555555555557,54,5919.091969168167,37183.82423359448,0.47150259067357514,9793.594277881952,0.9792519540460334,14.584596416907539,4.805555555555555,20,193,medium,opt,10.0
20,1020,1282.888888888889,50,3078.032001982851,21032.445223177012,0.3930635838150289,6784.764203120154,0.9571542894500181,9.170273345853028,4.611111111111111,12,173,medium,opt,10.0
21,1021,1212.4444444444443,48,454.2395210712709,6832.536473375381,0.2389937106918239,3643.866980162994,0.9128314844766173,4.572746283944057,4.277777777777778,9,159,medium,opt,10.0
22,1022,1099.8667535477116,42,2383.1222965130373,21375.70319716276,0.4631578947368421,6335.13391821389,0.9931471325710757,9.400551389654526,4.944444444444445,17,190,medium,opt,10.0
23,1023,1252.5,48,1299.19993454548,11392.74716339972,0.3179190751445087,4945.642552208508,0.9874759809704395,6.71876932135505,4.722222222222222,12,173,medium,opt,10.0
24,1024,1368.3055555555559,53,308.05103921571964,6582.931047685255,0.16666666666666666,2979.6525501059346,0.8913490402258165,3.8758559051501877,4.444444444444445,4,156,medium,opt,10.0
25,1025,1148.4166666666667,45,5135.547436532104,25113.40090938301,0.5229885057471264,9365.77831398619,1.0,12.697998854115257,4.611111111111111,16,174,medium,opt,10.0
26,1026,917.7188687971118,34,3689.49422939997,23977.06758805533,0.5775401069518716,8163.229447922002,1.0,11.795870262639742,4.805555555555555,15,187,medium,opt,10.0
27,1027,1091.8333333333333,45,1127.9922682452464,9466.035317415357,0.37209302325581395,4876.178211782332,0.9974770614143552,6.718478982016217,4.861111111111111,6,172,medium,opt,10.0
28,1028,1117.9166666666667,43,2079.745840980269,16837.858892857534,0.4438202247191011,6124.921857828988,0.9714461471013145,8.547946035882093,4.777777777777778,16,178,medium,opt,10.0
29,1029,1265.4722222222222,49,887.9132758924811,7417.05947296448,0.3582887700534759,4472.069241459527,0.9680931951638332,6.457936189821268,5.027777777777778,8,187,medium,opt,10.0
0,1000,978.151159253007,40,1131.197429152586,12557.855897633344,0.33146067415730335,4680.048760832956,0.9664966757751213,6.564643435321418,4.916666666666667,5,178,medium,opt,30.0
1,1001,849.6388888888889,35,2250.2984262540135,13128.309585978248,0.5052083333333334,6507.052068628272,1.0,9.878372265370267,5.138888888888889,13,192,medium,opt,30.0
2,1002,1083.111111111111,43,1344.703800780155,10791.965467622249,0.3945945945945946,5039.495688685626,0.9943681517081422,7.573075923708417,5.0,10,185,medium,opt,30.0
3,1003,1086.8611111111106,44,1486.839591922271,14903.64642157204,0.3058823529411765,4904.285863350275,0.9716984706642198,6.433091024456378,4.5,8,170,medium,opt,30.0
4,1004,715.2222222222222,28,2820.222015977694,21079.108189633655,0.4918032786885246,6869.233687738611,0.9980662339448968,9.78946641646152,4.888888888888889,14,183,medium,opt,30.0
5,1005,921.75,37,2287.2673294818624,13537.914841405378,0.4294117647058823,6208.371776099537,0.982287021074494,8.215454757693747,4.722222222222222,4,170,medium,opt,30.0
6,1006,795.2577329102392,30,1819.2936077362156,16682.31105797342,0.4512820512820513,5876.824240867704,1.0,8.911530843193008,5.277777777777778,11,195,medium,opt,30.0
7,1007,914.8028465106488,35,2145.7268347526015,19098.48114843772,0.3468208092485549,5879.250284908046,0.9736857909155192,7.876575458568146,4.833333333333333,4,173,medium,opt,30.0
8,1008,989.6666666666671,39,1536.3052716268012,14442.875337815436,0.3945945945945946,5296.908894028573,1.0,7.824708134587328,5.138888888888889,7,185,medium,opt,30.0
9,1009,819.9726030753235,31,2939.367784603302,16617.589977869786,0.5425531914893617,7071.760166732693,0.9950545986988056,10.289953231228155,5.027777777777778,9,188,medium,opt,30.0
10,1010,1105.9526030508105,42,869.1113828271594,10585.3489616827,0.2909090909090909,4493.634579030985,0.9574601115691953,5.82046883880337,4.472222222222222,11,165,medium,opt,30.0
11,1011,1200.8333333333333,48,743.7773752267013,11874.922363296646,0.2631578947368421,4015.2094111444935,0.9705748806863582,5.477597214342661,4.666666666666667,15,171,medium,opt,30.0
12,1012,1025.0876479829271,42,901.7208128055787,8587.572440535449,0.2947976878612717,4369.603828842752,0.94048494299746,6.243233091593204,4.527777777777778,18,173,medium,opt,30.0
13,1013,962.8051907934904,39,1596.6845523910827,18130.704636705763,0.3622448979591837,5050.026606980864,0.9695670893104814,7.654885816642099,5.194444444444445,10,196,medium,opt,30.0
14,1014,1004.3333333333331,41,1255.7269377345128,10286.55928304969,0.32642487046632124,4653.871386290878,0.9507466570042011,6.966895039879026,5.25,9,193,medium,opt,30.0
15,1015,968.055555555556,39,1426.3618793535336,12310.673986971386,0.3551912568306011,5151.309138469812,0.9912924126566242,7.352312568155045,5.166666666666667,6,183,medium,opt,30.0
16,1016,922.1269841865742,35,1632.7132819686497,14449.897274513962,0.39779005524861877,5511.09216661646,0.9986070388890169,7.915468226640405,5.166666666666667,2,181,medium,opt,30.0
17,1017,1248.333333333333,51,707.228830551243,8393.589733452012,0.23699421965317918,3929.4755943371333,0.9708948004162782,5.392318432729556,4.722222222222222,13,173,medium,opt,30.0
18,1018,1104.3420902656326,45,553.5028213424677,8772.287865380502,0.2958579881656805,3960.9689855214606,0.9197187442755917,5.4266465788040446,4.5,14,169,medium,opt,30.0
19,1019,791.5833333333334,33,2849.964528546121,20277.218267302247,0.5077720207253886,6939.895563323117,0.9792519540460334,10.334875337356191,5.25,4,193,medium,opt,30.0
20,1020,973.5555555555558,37,2141.262342817151,12923.881284238683,0.4393063583815029,6070.418676080743,0.9569343508978574,8.216710258061225,4.666666666666667,10,173,medium,opt,30.0
21,1021,1212.4444444444443,48,454.2395210712709,6832.536473375381,0.2389937106918239,3643.866980162994,0.9128314844766173,4.572746283944057,4.277777777777778,9,159,medium,opt,30.0
22,1022,852.0334202143782,34,2305.5552838129142,21984.77746165551,0.41578947368421054,6053.077829927277,0.9931471325710757,8.98704323553064,5.138888888888889,10,190,medium,opt,30.0
23,1023,1093.1666666666663,42,1358.998137718117,13569.421123186825,0.3179190751445087,4805.024333355898,0.9874759809704395,6.531061359460748,4.833333333333333,8,173,medium,opt,30.0
24,1024,1374.2137410249582,54,382.3427957171531,8272.969951391555,0.16666666666666666,3105.994372302507,0.8956545957813721,4.027934024460878,4.5,2,156,medium,opt,30.0
25,1025,932.444444444444,35,2277.9184112025323,25753.378625038145,0.39080459770114945,6125.43222820846,1.0,8.347534201913676,4.888888888888889,6,174,medium,opt,30.0
26,1026,676.4133132415559,27,3098.8684765318803,17851.81485934576,0.5668449197860963,7392.072430970603,1.0,10.683166850834862,4.888888888888889,12,187,medium,opt,30.0
27,1027,1051.0277777777778,44,1207.5264193708892,9821.514529726192,0.29651162790697677,4664.129727371551,0.9861884811674416,6.840667721841416,4.861111111111111,6,172,medium,opt,30.0
28,1028,862.0,32,1879.8889168292792,12522.883031389705,0.4101123595505618,5875.201081327253,0.9714461471013145,8.204965339760884,4.833333333333333,14,178,medium,opt,30.0
29,1029,1195.476755910283,49,1121.8791676402514,7909.263799447726,0.3422459893048128,4534.6113674103635,0.9720752641722442,6.548178300568235,5.138888888888889,4,187,medium,opt,30.0
0,1000,978.151159253007,40,1131.197429152586,12557.855897633344,0.33146067415730335,4680.048760832956,0.9664966757751213,6.564643435321418,4.916666666666667,5,178,medium,opt,100.0
1,1001,776.6111111111111,31,2658.6034802661457,24329.415875017286,0.46875,6697.991602442305,0.9885712879541451,10.161245648798465,5.111111111111111,14,192,medium,opt,100.0
2,1002,1083.111111111111,43,1344.703800780155,10791.965467622249,0.3945945945945946,5039.495688685626,0.9943681517081422,7.573075923708417,5.0,10,185,medium,opt,100.0
3,1003,1086.8611111111106,44,1486.839591922271,14903.64642157204,0.3058823529411765,4904.285863350275,0.9716984706642198,6.433091024456378,4.5,8,170,medium,opt,100.0
4,1004,715.2222222222222,28,2820.222015977694,21079.108189633655,0.4918032786885246,6869.233687738611,0.9980662339448968,9.78946641646152,4.888888888888889,14,183,medium,opt,100.0
5,1005,838.75,32,2602.3434723339633,23001.523603492977,0.4647058823529412,6638.050609209701,0.9581357865065927,8.779076683841332,4.722222222222222,4,170,medium,opt,100.0
6,1006,748.896621799128,29,2629.8567760797137,26497.31105797342,0.4307692307692308,6652.043326074018,1.0,10.07794844824881,5.25,12,195,medium,opt,100.0
7,1007,898.1666666666666,34,2574.049696765151,24077.48114843772,0.3583815028901734,6339.369662254752,0.9755788366890736,8.490778022464596,4.916666666666667,1,173,medium,opt,100.0
8,1008,989.6666666666671,39,1536.3052716268012,14442.875337815436,0.3945945945945946,5296.908894028573,1.0,7.824708134587328,5.138888888888889,7,185,medium,opt,100.0
9,1009,824.8337141864346,31,3270.8430772746715,29838.589977869786,0.44680851063829785,7285.212294392267,0.9950545986988056,10.599590576907163,5.027777777777778,9,188,medium,opt,100.0
10,1010,1105.9526030508105,42,869.1113828271594,10585.3489616827,0.2909090909090909,4493.634579030985,0.9574601115691953,5.82046883880337,4.472222222222222,11,165,medium,opt,100.0
11,1011,1200.8333333333333,48,743.7773752267013,11874.922363296646,0.2631578947368421,4015.2094111444935,0.9705748806863582,5.477597214342661,4.666666666666667,15,171,medium,opt,100.0
12,1012,984.9444444444445,40,920.5510832306383,8587.572440535449,0.30057803468208094,4401.122768940595,0.94048494299746,6.285306985396651,4.388888888888889,23,173,medium,opt,100.0
13,1013,962.8051907934904,39,1596.6845523910827,18130.704636705763,0.3622448979591837,5050.026606980864,0.9695670893104814,7.654885816642099,5.194444444444445,10,196,medium,opt,100.0
14,1014,992.5300784696688,41,1983.4021406382062,13893.166135186591,0.32124352331606215,5405.460772432203,0.9507466570042011,8.086160097944424,5.333333333333333,6,193,medium,opt,100.0
15,1015,968.055555555556,39,1426.3618793535336,12310.673986971386,0.3551912568306011,5151.309138469812,0.9912924126566242,7.352312568155045,5.166666666666667,6,183,medium,opt,100.0
16,1016,922.1269841865742,35,1632.7132819686497,14449.897274513962,0.39779005524861877,5511.09216661646,0.9986070388890169,7.915468226640405,5.166666666666667,2,181,medium,opt,100.0
17,1017,1248.333333333333,51,707.228830551243,8393.589733452012,0.23699421965317918,3929.4755943371333,0.9708948004162782,5.392318432729556,4.722222222222222,13,173,medium,opt,100.0
18,1018,1104.3420902656326,45,553.5028213424677,8772.287865380502,0.2958579881656805,3960.9689855214606,0.9197187442755917,5.4266465788040446,4.5,14,169,medium,opt,100.0
19,1019,795.3070345657203,33,2861.1773350760836,16399.751259995763,0.45595854922279794,6882.491142367854,0.9792519540460334,10.249388815408928,5.277777777777778,3,193,medium,opt,100.0
20,1020,911.7777777777778,35,2271.507052003408,22581.863130791862,0.4046242774566474,6067.256214861343,0.94015194349045,8.212488762760634,4.694444444444445,9,173,medium,opt,100.0
21,1021,1212.4444444444443,48,454.2395210712709,6832.536473375381,0.2389937106918239,3643.866980162994,0.9128314844766173,4.572746283944057,4.277777777777778,9,159,medium,opt,100.0
22,1022,852.0334202143782,34,2714.225743743122,26258.77746165551,0.41578947368421054,6501.893619400961,0.9931471325710757,9.645029346641747,5.138888888888889,10,190,medium,opt,100.0
23,1023,1093.1666666666663,42,1358.998137718117,13569.421123186825,0.3179190751445087,4805.024333355898,0.9874759809704395,6.531061359460748,4.833333333333333,8,173,medium,opt,100.0
24,1024,1374.2137410249582,54,382.3427957171531,8272.969951391555,0.16666666666666666,3105.994372302507,0.8956545957813721,4.027934024460878,4.5,2,156,medium,opt,100.0
25,1025,944.3333333333329,36,2388.8658638085553,29264.378625038145,0.3333333333333333,6119.127630507312,1.0,8.339069695740838,4.888888888888889,6,174,medium,opt,100.0
26,1026,722.4410910193336,28,2795.687291231741,23255.59052479241,0.5240641711229946,7027.118622575351,1.0,10.156574550141096,4.972222222222222,9,187,medium,opt,100.0
27,1027,1051.0277777777778,44,1207.5264193708892,9821.514529726192,0.29651162790697677,4664.129727371551,0.9861884811674416,6.840667721841416,4.861111111111111,6,172,medium,opt,100.0
28,1028,862.0,32,1879.8889168292792,12522.883031389705,0.4101123595505618,5875.201081327253,0.9714461471013145,8.204965339760884,4.833333333333333,14,178,medium,opt,100.0
29,1029,1195.476755910283,49,1121.8791676402514,7909.263799447726,0.3422459893048128,4534.6113674103635,0.9720752641722442,6.548178300568235,5.138888888888889,4,187,medium,opt,100.0
0,1000,978.151159253007,40,1131.197429152586,12557.855897633344,0.33146067415730335,4680.048760832956,0.9664966757751213,6.564643435321418,4.916666666666667,5,178,medium,opt,300.0
1,1001,776.6111111111111,31,2658.6034802661457,24329.415875017286,0.46875,6697.991602442305,0.9885712879541451,10.161245648798465,5.111111111111111,14,192,medium,opt,300.0
2,1002,1083.111111111111,43,1344.703800780155,10791.965467622249,0.3945945945945946,5039.495688685626,0.9943681517081422,7.573075923708417,5.0,10,185,medium,opt,300.0
3,1003,1086.8611111111106,44,1486.839591922271,14903.64642157204,0.3058823529411765,4904.285863350275,0.9716984706642198,6.433091024456378,4.5,8,170,medium,opt,300.0
4,1004,715.2222222222222,28,2820.222015977694,21079.108189633655,0.4918032786885246,6869.233687738611,0.9980662339448968,9.78946641646152,4.888888888888889,14,183,medium,opt,300.0
5,1005,838.75,32,2602.3434723339633,23001.523603492977,0.4647058823529412,6638.050609209701,0.9581357865065927,8.779076683841332,4.722222222222222,4,170,medium,opt,300.0
6,1006,748.896621799128,29,2629.8567760797137,26497.31105797342,0.4307692307692308,6652.043326074018,1.0,10.07794844824881,5.25,12,195,medium,opt,300.0
7,1007,898.1666666666666,34,2574.049696765151,24077.48114843772,0.3583815028901734,6339.369662254752,0.9755788366890736,8.490778022464596,4.916666666666667,1,173,medium,opt,300.0
8,1008,989.6666666666671,39,1536.3052716268012,14442.875337815436,0.3945945945945946,5296.908894028573,1.0,7.824708134587328,5.138888888888889,7,185,medium,opt,300.0
9,1009,824.8337141864346,31,3270.8430772746715,29838.589977869786,0.44680851063829785,7285.212294392267,0.9950545986988056,10.599590576907163,5.027777777777778,9,188,medium,opt,300.0
10,1010,1105.9526030508105,42,869.1113828271594,10585.3489616827,0.2909090909090909,4493.634579030985,0.9574601115691953,5.82046883880337,4.472222222222222,11,165,medium,opt,300.0
11,1011,1200.8333333333333,48,743.7773752267013,11874.922363296646,0.2631578947368421,4015.2094111444935,0.9705748806863582,5.477597214342661,4.666666666666667,15,171,medium,opt,300.0
12,1012,984.9444444444445,40,920.5510832306383,8587.572440535449,0.30057803468208094,4401.122768940595,0.94048494299746,6.285306985396651,4.388888888888889,23,173,medium,opt,300.0
13,1013,962.8051907934904,39,1596.6845523910827,18130.704636705763,0.3622448979591837,5050.026606980864,0.9695670893104814,7.654885816642099,5.194444444444445,10,196,medium,opt,300.0
14,1014,992.5300784696688,41,1983.4021406382062,13893.166135186591,0.32124352331606215,5405.460772432203,0.9507466570042011,8.086160097944424,5.333333333333333,6,193,medium,opt,300.0
15,1015,968.055555555556,39,1426.3618793535336,12310.673986971386,0.3551912568306011,5151.309138469812,0.9912924126566242,7.352312568155045,5.166666666666667,6,183,medium,opt,300.0
16,1016,922.1269841865742,35,1632.7132819686497,14449.897274513962,0.39779005524861877,5511.09216661646,0.9986070388890169,7.915468226640405,5.166666666666667,2,181,medium,opt,300.0
17,1017,1248.333333333333,51,707.228830551243,8393.589733452012,0.23699421965317918,3929.4755943371333,0.9708948004162782,5.392318432729556,4.722222222222222,13,173,medium,opt,300.0
18,1018,1104.3420902656326,45,553.5028213424677,8772.287865380502,0.2958579881656805,3960.9689855214606,0.9197187442755917,5.4266465788040446,4.5,14,169,medium,opt,300.0
19,1019,795.3070345657203,33,2861.1773350760836,16399.751259995763,0.45595854922279794,6882.491142367854,0.9792519540460334,10.249388815408928,5.277777777777778,3,193,medium,opt,300.0
20,1020,911.7777777777778,35,2271.507052003408,22581.863130791862,0.4046242774566474,6067.256214861343,0.94015194349045,8.212488762760634,4.694444444444445,9,173,medium,opt,300.0
21,1021,1212.4444444444443,48,454.2395210712709,6832.536473375381,0.2389937106918239,3643.866980162994,0.9128314844766173,4.572746283944057,4.277777777777778,9,159,medium,opt,300.0
22,1022,852.0334202143782,34,2714.225743743122,26258.77746165551,0.41578947368421054,6501.893619400961,0.9931471325710757,9.645029346641747,5.138888888888889,10,190,medium,opt,300.0
23,1023,1093.1666666666663,42,1358.998137718117,13569.421123186825,0.3179190751445087,4805.024333355898,0.9874759809704395,6.531061359460748,4.833333333333333,8,173,medium,opt,300.0
24,1024,1374.2137410249582,54,382.3427957171531,8272.969951391555,0.16666666666666666,3105.994372302507,0.8956545957813721,4.027934024460878,4.5,2,156,medium,opt,300.0
25,1025,944.3333333333329,36,2388.8658638085553,29264.378625038145,0.3333333333333333,6119.127630507312,1.0,8.339069695740838,4.888888888888889,6,174,medium,opt,300.0
26,1026,722.4410910193336,28,2795.687291231741,23255.59052479241,0.5240641711229946,7027.118622575351,1.0,10.156574550141096,4.972222222222222,9,187,medium,opt,300.0
27,1027,1051.0277777777778,44,1207.5264193708892,9821.514529726192,0.29651162790697677,4664.129727371551,0.9861884811674416,6.840667721841416,4.861111111111111,6,172,medium,opt,300.0
28,1028,862.0,32,1879.8889168292792,12522.883031389705,0.4101123595505618,5875.201081327253,0.9714461471013145,8.204965339760884,4.833333333333333,14,178,medium,opt,300.0
29,1029,1195.476755910283,49,1121.8791676402514,7909.263799447726,0.3422459893048128,4534.6113674103635,0.9720752641722442,6.548178300568235,5.138888888888889,4,187,medium,opt,300.0
0,1000,1947.1666666666667,67,33114.83235961562,60821.08730784904,0.9433962264150944,38211.17266395901,1.0,63.74902428816648,3.3055555555555554,107,212,heavy,fcfs,
1,1001,2012.388888888889,74,41089.20946440538,77330.19779175008,0.9628099173553719,46305.629367638074,1.0,88.74176445515847,3.25,149,242,heavy,fcfs,
2,1002,2190.4909770457307,76,35666.198413812795,70169.64515564,0.9661016949152542,40953.42234864402,1.0,75.47237752091844,3.0,142,236,heavy,fcfs,
3,1003,2152.3888888888887,77,29073.386057549695,63029.320852179095,0.9634703196347032,34275.12388078234,1.0,58.24637690472412,2.888888888888889,123,219,heavy,fcfs,
4,1004,2080.833333333333,67,37787.98589157927,72245.69600197847,0.9559471365638766,42980.46167211331,1.0,76.87771584705379,2.861111111111111,140,227,heavy,fcfs,
5,1005,2133.298668140252,80,35036.371243060734,69810.1268680429,0.9530516431924883,40270.62132084058,1.0,66.56537893376915,3.138888888888889,109,213,heavy,fcfs,
6,1006,2001.6335299238522,68,41147.76844637057,82035.56534789965,0.972,46390.25227781257,1.0,90.11579000405892,2.8055555555555554,161,250,heavy,fcfs,
7,1007,2053.7807001552105,70,35807.74817385437,66405.06219528253,0.9728506787330317,41075.32419685861,1.0,70.73138657069158,2.9166666666666665,126,221,heavy,fcfs,
8,1008,1924.695570184154,69,36847.12362012492,70322.16708248081,0.9451476793248945,42028.892028798895,1.0,79.11530524510896,3.3333333333333335,138,237,heavy,fcfs,
9,1009,1929.0380038431883,67,35622.83489141487,72387.22946400022,0.959349593495935,40837.91963767424,1.0,78.36928741148242,3.0555555555555554,148,246,heavy,fcfs,
10,1010,2117.1388888888887,75,34599.962738788454,67827.63265250635,0.937799043062201,39830.698366656536,1.0,65.32950205508276,3.0555555555555554,114,209,heavy,fcfs,
11,1011,1921.45056028968,62,37355.45243804901,67592.53328097498,0.9669811320754716,42614.89727073918,1.0,71.38331592687939,2.9722222222222223,121,212,heavy,fcfs,
12,1012,2097.855922069483,72,33569.52046907983,61618.86736952211,0.95260663507109,38822.83956090167,1.0,64.32522787093579,2.861111111111111,122,211,heavy,fcfs,
13,1013,2109.0626378658762,78,33510.373116627445,68246.67306609321,0.9595141700404858,38698.16044632921,1.0,74.25065528481377,3.3055555555555554,137,247,heavy,fcfs,
14,1014,2098.1944444444443,75,34659.93206089822,71675.9763977925,0.9789029535864979,39904.416314655144,1.0,73.41489558950659,3.111111111111111,137,237,heavy,fcfs,
15,1015,2051.9881834844145,75,35295.614201772274,64205.754342402215,0.9417040358744395,40480.44302678518,1.0,70.69776225817989,3.2777777777777777,121,223,heavy,fcfs,
16,1016,2094.4444444444443,74,38631.3317571462,72055.87801317331,0.9388646288209607,43778.9954280553,1.0,79.51071527252876,3.0,140,229,heavy,fcfs,
17,1017,2095.736528219152,77,34969.39901504473,67357.81850078898,0.9951690821256038,40263.037637545334,1.0,65.01576038766983,3.1944444444444446,109,207,heavy,fcfs,
18,1018,2091.545403971712,73,30033.199459652977,60603.88378713242,0.9714285714285714,35258.30277164381,1.0,57.5321473220064,3.0,111,210,heavy,fcfs,
19,1019,2051.222222222222,74,40552.87336050621,77865.79721178811,0.9634146341463414,45811.41439999595,1.0,88.19641585843927,2.9444444444444446,157,246,heavy,fcfs,
20,1020,2041.036245860522,70,34274.61072558845,67419.10342650596,0.9760765550239234,39597.72971088876,1.0,64.87523983287367,3.0,116,209,heavy,fcfs,
21,1021,2062.137495455719,70,34263.37118651358,66213.50143490701,0.9198113207547169,39416.534614812255,1.0,65.0657780609897,2.8055555555555554,121,212,heavy,fcfs,
22,1022,2019.6111111111115,71,39898.752994700895,76344.4745476676,0.9782608695652174,45195.85344001742,1.0,81.13768601771254,2.7222222222222223,144,230,heavy,fcfs,
23,1023,2052.689470059513,75,25498.43452343076,55506.64363494536,0.9409282700421941,30662.36131881838,1.0,56.64059015143261,3.4722222222222223,124,237,heavy,fcfs,
24,1024,2146.5833333333335,80,33048.475327934706,61987.565147916976,0.9605911330049262,38250.50438454972,1.0,60.46587597216027,3.3333333333333335,97,203,heavy,fcfs,
25,1025,2037.25,75,38882.57188099089,75335.12878920877,0.9461883408071748,44090.32659149412,1.0,77.35483828147635,3.3055555555555554,126,223,heavy,fcfs,
26,1026,2154.5539763654024,81,40677.41716398546,72160.41444560606,0.9694323144104804,45922.484369273254,1.0,84.61375341390122,3.1666666666666665,141,229,heavy,fcfs,
27,1027,1988.0555555555557,68,37853.87842979625,69595.73911853088,0.9759615384615384,43185.6726176809,1.0,71.0152194836986,2.888888888888889,123,208,heavy,fcfs,
28,1028,2003.0833333333333,69,36045.09180521818,66371.95744408354,0.9519650655021834,41244.43072237959,1.0,74.11271796815517,3.0,135,229,heavy,fcfs,
29,1029,2132.9246183415066,75,33226.160459530125,66910.06646625516,0.9435483870967742,38370.377216431974,1.0,74.07495358640942,3.1666666666666665,146,248,heavy,fcfs,
0,1000,2090.8333333333335,75,36939.556964447904,65637.46776155959,0.9433962264150944,42035.897268791305,1.0,70.07962635997562,3.111111111111111,118,212,heavy,edd,
1,1001,2025.083333333333,72,40219.05403519734,78645.23281954095,0.9628099173553719,45435.47393843004,1.0,86.76569253538598,3.1666666666666665,151,242,heavy,edd,
2,1002,2099.3333333333335,78,34888.85117246482,66831.13598140412,0.9661016949152542,40176.075107296034,1.0,73.90087328513043,3.1666666666666665,136,236,heavy,edd,
3,1003,2193.400406114282,78,30046.427933165094,62315.77321100072,0.9634703196347032,35248.16575639774,1.0,59.96700642154424,2.861111111111111,125,219,heavy,edd,
4,1004,2035.7777777777783,69,37565.33831448675,71981.18325169102,0.9559471365638766,42757.8140950208,1.0,76.50201578359739,2.9166666666666665,140,227,heavy,edd,
5,1005,2158.062442970859,77,35379.29375899454,72561.7335753435,0.9530516431924883,40613.54383677439,1.0,67.17208800702458,3.0833333333333335,111,213,heavy,edd,
6,1006,1970.861111111111,68,39164.718761443466,79195.60647090306,0.972,44407.202592885464,1.0,86.3789889143076,2.888888888888889,158,250,heavy,edd,
7,1007,2097.1081887336786,73,37005.50144974605,69322.64351879478,0.9728506787330317,42273.077472750294,1.0,72.81575832360555,2.8055555555555554,131,221,heavy,edd,
8,1008,2045.6666666666667,71,40073.854774919884,73712.41595513579,0.9451476793248945,45255.62318359387,1.0,85.18948984551821,3.111111111111111,145,237,heavy,edd,
9,1009,1853.2324482876331,66,34057.180844321636,71550.83710758483,0.959349593495935,39272.265590581,1.0,75.30950142596322,3.111111111111111,145,246,heavy,edd,
10,1010,2187.3268375786884,79,32640.74376198064,67118.05307169791,0.937799043062201,37871.47938984871,1.0,61.75239376922496,3.0277777777777777,113,209,heavy,edd,
11,1011,1885.6666666666667,63,33524.53678088728,64976.3036352503,0.9669811320754716,38783.98161357746,1.0,64.34868197889216,3.0277777777777777,117,212,heavy,edd,
12,1012,2049.3055555555557,73,33226.34422829547,60913.83581623809,0.95260663507109,38479.66332011731,1.0,64.16698908064261,2.9722222222222223,121,211,heavy,edd,
13,1013,2071.3126378658762,77,34455.20609248505,68848.19929355747,0.9595141700404858,39642.99342218681,1.0,76.26377453607282,3.3333333333333335,138,247,heavy,edd,
14,1014,2040.611111111111,74,33615.64472298007,67689.95516730133,0.9789029535864979,38860.12897673698,1.0,71.43772802850732,3.25,131,237,heavy,edd,
15,1015,2108.8611111111113,79,35978.72306358252,67340.30161280357,0.9417040358744395,41163.551888595415,1.0,71.85751747564659,3.1944444444444446,124,223,heavy,edd,
16,1016,2025.2474469370436,74,36937.70057614766,69799.0506423607,0.9388646288209607,42085.36424705676,1.0,76.81223258249686,3.1944444444444446,135,229,heavy,edd,
17,1017,2068.26430599693,76,35521.3411891113,67131.16930117938,0.9951690821256038,40814.979811611905,1.0,66.27238122149357,3.3055555555555554,107,207,heavy,edd,
18,1018,2026.8509595272674,69,30679.854862238604,60361.48190890832,0.9714285714285714,35904.95817422943,1.0,58.78856425520842,3.0277777777777777,110,210,heavy,edd,
19,1019,2088.698615775692,73,41914.017260214736,79972.11625646906,0.9634146341463414,47172.55829970448,1.0,90.92768205436867,2.7777777777777777,161,246,heavy,edd,
20,1020,1997.9166666666667,68,32673.305555272254,66304.5572355,0.9760765550239234,37996.42454057257,1.0,62.26153010605205,3.111111111111111,112,209,heavy,edd,
21,1021,2083.305555555555,71,35503.60845529454,69813.85241322691,0.9198113207547169,40656.77188359323,1.0,67.28949102900184,2.6944444444444446,127,212,heavy,edd,
22,1022,2009.3268132140317,71,40973.48547056433,75322.52401357905,0.9782608695652174,46270.58591588085,1.0,83.3973074598204,2.8333333333333335,142,230,heavy,edd,
23,1023,2111.0883077182643,75,27236.001435480186,55506.64363494536,0.9409282700421941,32399.928230867812,1.0,59.90992933473287,3.4166666666666665,126,237,heavy,edd,
24,1024,2153.6998135116737,78,33367.08461878624,64873.69264517762,0.9605911330049262,38569.11367540126,1.0,61.05332244467531,3.1944444444444446,101,203,heavy,edd,
25,1025,2022.6517820406007,71,38131.60294963181,73797.30307872387,0.9461883408071748,43339.35766013503,1.0,75.64716908157729,3.25,124,223,heavy,edd,
26,1026,2053.3888888888887,81,36654.353794301576,66336.97261635466,0.9694323144104804,41899.42099958937,1.0,76.64649637950608,3.4166666666666665,132,229,heavy,edd,
27,1027,1996.714121915624,70,38003.52746825779,70324.82881653398,0.9759615384615384,43335.32165614244,1.0,71.30395083572078,2.9444444444444446,123,208,heavy,edd,
28,1028,2086.8717991111407,74,35557.8670850086,66893.31353034443,0.9519650655021834,40757.20600217,1.0,73.01162644864903,2.888888888888889,139,229,heavy,edd,
29,1029,2119.896840563729,78,32175.106316467976,65459.2126006693,0.9435483870967742,37319.32307336983,1.0,71.94874658425347,3.2222222222222223,144,248,heavy,edd,
0,1000,759.8560647477765,32,2299.480265065466,23066.184221966978,0.4009433962264151,6023.424725642265,0.9694033287146981,12.397659652501853,6.222222222222222,4,212,heavy,grouped,
1,1001,250.44444444444446,9,9150.475986632591,34600.89179496585,0.7727272727272727,13921.21135919348,1.0,27.716130519636955,6.222222222222222,42,242,heavy,grouped,
2,1002,358.0187548235087,13,10669.600296440123,61145.29999666248,0.7203389830508474,15471.878009405527,1.0,28.729675435457,4.555555555555555,79,236,heavy,grouped,
3,1003,701.0529795047771,27,3296.0311136457562,17937.78816119775,0.5753424657534246,7459.224988763826,0.9935975893815209,12.814503982348066,5.944444444444445,11,219,heavy,grouped,
4,1004,299.9166666666667,11,8835.914714810366,47417.88969801611,0.7180616740088106,13631.91554680751,1.0,25.267260828192523,6.444444444444445,11,227,heavy,grouped,
5,1005,515.6899998646235,19,8309.357232791595,47630.72398116483,0.6525821596244131,12925.374501484253,1.0,21.399970747376614,5.916666666666667,9,213,heavy,grouped,
6,1006,257.22222222222223,9,12168.805473351793,46204.01501985089,0.856,17159.885999474816,1.0,33.79866992298501,6.583333333333333,24,250,heavy,grouped,
7,1007,445.80555555555554,17,5585.454780302089,34507.431427603864,0.6153846153846154,9970.42490725621,1.0,17.90380286538511,5.861111111111111,19,221,heavy,grouped,
8,1008,345.77777777777777,13,7113.030396251358,43945.63593072198,0.6962025316455697,11663.370767269318,1.0,23.182516530582543,6.361111111111111,26,237,heavy,grouped,
9,1009,340.6388888888889,12,8728.400929515397,45405.00169339348,0.7357723577235772,13421.072481715255,1.0,25.69675549294368,6.138888888888889,35,246,heavy,grouped,
10,1010,526.4444444444445,19,4094.3800400162536,38089.420283250976,0.5311004784688995,8241.712323701444,1.0,13.891153147935498,5.666666666666667,16,209,heavy,grouped,
11,1011,360.3888888888889,13,6827.491748492171,34376.4350077845,0.7735849056603774,11700.713000252625,1.0,20.51452174590378,5.277777777777778,35,212,heavy,grouped,
12,1012,530.75,19,5289.998116727468,33319.2268956934,0.5829383886255924,9613.922841603771,1.0,16.065051934339646,5.805555555555555,18,211,heavy,grouped,
13,1013,596.1181934214324,22,4217.826625593117,25312.952279079196,0.5951417004048583,8583.455387801921,1.0,16.469143753231403,6.694444444444445,16,247,heavy,grouped,
14,1014,538.9949116360884,19,6885.416074336538,30115.585813818943,0.6835443037974683,11424.409498748417,1.0,20.933545537500546,6.138888888888889,19,237,heavy,grouped,
15,1015,681.2222222222226,26,2799.473172304616,19824.238500906613,0.4439461883408072,6838.210295437708,0.9981304825391621,13.006289099780538,5.972222222222222,17,223,heavy,grouped,
16,1016,424.0,15,5647.937404816521,30526.771707621883,0.6026200873362445,10027.251993562608,1.0,18.571238061889666,6.25,23,229,heavy,grouped,
17,1017,627.153194885819,24,3002.3437906467907,15804.71121047232,0.5458937198067633,7329.758270412286,0.9734221837645793,12.02787451431166,5.888888888888889,0,207,heavy,grouped,
18,1018,581.8692837348225,22,3891.7103670633205,23162.167523468655,0.5666666666666667,8140.562253592418,0.993510252757988,13.622731892185225,5.916666666666667,8,210,heavy,grouped,
19,1019,198.6986157756919,6,15845.180576213543,70994.18669265258,0.8333333333333334,20833.36814317761,1.0,39.67721577078236,6.027777777777778,33,246,heavy,grouped,
20,1020,489.1388888888889,17,12583.960760824997,52634.28568629855,0.7272727272727273,17293.128409942,0.9902642999985478,28.033502867551928,4.638888888888889,49,209,heavy,grouped,
21,1021,472.86111111111154,18,4808.168324177305,32357.947035595105,0.5047169811320755,9016.194205141528,1.0,15.457051469972534,5.555555555555555,18,212,heavy,grouped,
22,1022,297.6111111111111,11,11164.354684480148,50280.667456412004,0.8217391304347826,16143.022221201923,1.0,28.972184894230534,5.805555555555555,34,230,heavy,grouped,
23,1023,675.7728033928462,24,4797.456232448126,33739.165911355,0.5780590717299579,9181.451258125056,1.0,16.912879875495435,5.527777777777778,42,237,heavy,grouped,
24,1024,912.1944444444445,33,3064.9535173880563,20730.549699424126,0.6206896551724138,7507.624853766606,0.9991813039617533,11.864307085799094,5.472222222222222,13,203,heavy,grouped,
25,1025,250.08333333333334,9,8829.617918576927,48521.246975381146,0.6547085201793722,13470.078787980869,1.0,24.007310097496195,5.361111111111111,49,223,heavy,grouped,
26,1026,367.9999999999998,13,12054.467726866025,65641.49341979832,0.6943231441048034,16777.6708883622,1.0,31.219068433755027,5.694444444444445,48,229,heavy,grouped,
27,1027,334.52777777777777,12,9368.751928915266,48267.31211290107,0.7932692307692307,14259.37351000346,1.0,24.333596493237234,6.0,14,208,heavy,grouped,
28,1028,441.19444444444446,16,5960.9309240168905,28330.581784305046,0.6157205240174672,10410.217353086542,1.0,19.63863130840126,5.861111111111111,34,229,heavy,grouped,
29,1029,500.91666666666646,19,4431.230184405565,24920.87932631679,0.5524193548387096,8716.957507922774,1.0,16.892799012709883,5.861111111111111,45,248,heavy,grouped,
0,1000,1202.134807514026,45,7054.2567767213,38507.02435872702,0.4669811320754717,10909.098216477549,1.0,18.27131989767979,5.666666666666667,20,212,heavy,opt,0.0
1,1001,1323.4529703936678,53,12901.369262814036,58947.72632136094,0.6487603305785123,17314.444113927773,1.0,33.05552530542517,5.277777777777778,67,242,heavy,opt,0.0
2,1002,1178.9076437123977,46,8669.517743119177,48372.75917066791,0.576271186440678,12913.34073892888,1.0,23.908391330794522,5.361111111111111,55,236,heavy,opt,0.0
3,1003,1242.3863128381101,48,4917.55580936428,34294.583653358335,0.4246575342465753,8808.316599186015,1.0,15.054712799342363,5.555555555555555,25,219,heavy,opt,0.0
4,1004,1198.111111111111,45,10203.96571448739,49354.12928616266,0.6079295154185022,14682.669326679752,1.0,26.213456264850393,5.305555555555555,47,227,heavy,opt,0.0
5,1005,1145.5877779131542,44,7625.034607248365,42890.68289682751,0.5258215962441315,11815.848679315995,1.0,19.655739882163747,5.166666666666667,34,213,heavy,opt,0.0
6,1006,1262.3055555555557,52,11443.365799645306,60484.28558027443,0.628,15889.219761981998,1.0,30.85844955745103,5.638888888888889,58,250,heavy,opt,0.0
7,1007,1195.6140334885438,45,7717.2089586659495,43269.05383792675,0.48868778280542985,11927.153178496594,1.0,20.530519895645718,5.472222222222222,29,221,heavy,opt,0.0
8,1008,1225.5566812952654,49,9611.050512713051,46958.87908474918,0.5485232067510548,13758.024660261344,1.0,25.957634249143624,5.5,50,237,heavy,opt,0.0
9,1009,1255.767551712367,52,9466.407302276963,59556.93537382143,0.5691056910569106,13697.800570277546,1.0,26.355845846233223,5.694444444444445,51,246,heavy,opt,0.0
10,1010,1263.8268375786881,50,6821.437064542114,41947.40196599829,0.507177033492823,11131.97162434256,1.0,18.23296430642053,5.277777777777778,28,209,heavy,opt,0.0
11,1011,1192.4783380674578,46,9255.255485627582,45342.32820580168,0.5990566037735849,13562.931107028908,1.0,22.874441330203815,4.972222222222222,43,212,heavy,opt,0.0
12,1012,1103.6336998472607,42,5499.9071824422535,29759.130123608687,0.5260663507109005,9674.580984044462,1.0,15.978866459794704,5.305555555555555,28,211,heavy,opt,0.0
13,1013,1307.6666666666667,53,6109.55112721591,42676.456280885875,0.42105263157894735,9822.610896558652,1.0,18.98184360459382,6.138888888888889,34,247,heavy,opt,0.0
14,1014,1307.9722222222222,52,7035.547639851289,52361.95196683526,0.4430379746835443,11034.740994678421,1.0,20.329825103943524,5.861111111111111,33,237,heavy,opt,0.0
15,1015,1234.1784831822526,50,6020.607726396128,40401.96470545215,0.4484304932735426,9935.530962905212,1.0,17.269271421117374,5.916666666666667,19,223,heavy,opt,0.0
16,1016,1182.7196691592658,47,8367.685310408617,45369.456774973645,0.5283842794759825,12514.698516291595,1.0,23.02090468344527,5.583333333333333,42,229,heavy,opt,0.0
17,1017,1173.2634717808478,46,5881.963379925038,34048.21170036342,0.4927536231884058,9811.96247583224,1.0,15.760145120190762,5.527777777777778,13,207,heavy,opt,0.0
18,1018,1182.1842928606009,44,4963.684974267115,33121.92375909127,0.4857142857142857,9010.015013055337,1.0,14.823882940474336,5.361111111111111,25,210,heavy,opt,0.0
19,1019,1288.2777777777778,51,15423.846095139377,64313.36368370475,0.7235772357723578,20073.92603928891,1.0,38.59761579481846,4.888888888888889,78,246,heavy,opt,0.0
20,1020,1392.2584680827442,50,8966.187674406283,45619.17881407874,0.507177033492823,13124.93439211529,1.0,21.281885971519657,4.944444444444445,38,209,heavy,opt,0.0
21,1021,1257.4458378776148,51,8047.420997169508,43692.57049120279,0.49528301886792453,12100.471102737367,1.0,20.084586204817747,5.277777777777778,32,212,heavy,opt,0.0
22,1022,1188.7777777777778,48,10059.11007148325,51022.34040556048,0.6260869565217392,14443.70434068604,1.0,25.87902319987314,5.361111111111111,43,230,heavy,opt,0.0
23,1023,1346.8938632738204,56,3864.150938765282,38809.66496922422,0.39662447257383965,7677.902420710941,1.0,14.25128288586247,5.833333333333333,36,237,heavy,opt,0.0
24,1024,1252.2777777777774,48,3844.8576879941543,26590.812926927378,0.47783251231527096,7895.601570834165,1.0,12.490793919946112,5.25,18,203,heavy,opt,0.0
25,1025,1145.5555555555557,44,9528.38895398381,41742.594115561995,0.5650224215246636,13797.997427504843,1.0,24.0725669398751,5.138888888888889,45,223,heavy,opt,0.0
26,1026,1385.1650874765135,54,11391.436768904,53804.05644874509,0.6200873362445415,15750.891711543229,1.0,29.265426199683844,5.222222222222222,58,229,heavy,opt,0.0
27,1027,1256.861111111111,49,10806.933699761576,52419.882912864734,0.6442307692307693,15271.803206329234,1.0,24.87340586269122,4.694444444444445,47,208,heavy,opt,0.0
28,1028,1204.5,50,7488.030937116669,47412.14149206062,0.4890829694323144,11521.802173348575,1.0,20.90958989210505,5.555555555555555,39,229,heavy,opt,0.0
29,1029,1324.6666666666667,52,6328.7811859252115,42041.47964922432,0.49193548387096775,10329.172941307497,1.0,19.974631014865842,5.805555555555555,47,248,heavy,opt,0.0
0,1000,1184.0555555555557,47,6192.931343041868,32917.90315456891,0.4669811320754717,10024.716006541392,1.0,16.785330889686264,5.888888888888889,13,212,heavy,opt,0.3
1,1001,1323.4529703936678,53,12901.369262814036,58947.72632136094,0.6487603305785123,17314.444113927773,1.0,33.05552530542517,5.277777777777778,67,242,heavy,opt,0.3
2,1002,1178.9076437123977,46,8669.517743119177,48372.75917066791,0.576271186440678,12913.34073892888,1.0,23.908391330794522,5.361111111111111,55,236,heavy,opt,0.3
3,1003,1242.3863128381101,48,4917.55580936428,34294.583653358335,0.4246575342465753,8808.316599186015,1.0,15.054712799342363,5.555555555555555,25,219,heavy,opt,0.3
4,1004,1198.111111111111,45,10203.96571448739,49354.12928616266,0.6079295154185022,14682.669326679752,1.0,26.213456264850393,5.305555555555555,47,227,heavy,opt,0.3
5,1005,1145.5877779131542,44,7625.034607248365,42890.68289682751,0.5258215962441315,11815.848679315995,1.0,19.655739882163747,5.166666666666667,34,213,heavy,opt,0.3
6,1006,1262.3055555555557,52,11443.365799645306,60484.28558027443,0.628,15889.219761981998,1.0,30.85844955745103,5.638888888888889,58,250,heavy,opt,0.3
7,1007,1195.6140334885438,45,7717.2089586659495,43269.05383792675,0.48868778280542985,11927.153178496594,1.0,20.530519895645718,5.472222222222222,29,221,heavy,opt,0.3
8,1008,1225.5566812952654,49,9611.050512713051,46958.87908474918,0.5485232067510548,13758.024660261344,1.0,25.957634249143624,5.5,50,237,heavy,opt,0.3
9,1009,1255.767551712367,52,9466.407302276963,59556.93537382143,0.5691056910569106,13697.800570277546,1.0,26.355845846233223,5.694444444444445,51,246,heavy,opt,0.3
10,1010,1263.8268375786881,50,6821.437064542114,41947.40196599829,0.507177033492823,11131.97162434256,1.0,18.23296430642053,5.277777777777778,28,209,heavy,opt,0.3
11,1011,1158.95056028968,44,9116.766468786493,43413.54837623016,0.5613207547169812,13404.251298923786,1.0,22.614872508303456,5.083333333333333,39,212,heavy,opt,0.3
12,1012,1103.6336998472607,42,5499.9071824422535,29759.130123608687,0.5260663507109005,9674.580984044462,1.0,15.978866459794704,5.305555555555555,28,211,heavy,opt,0.3
13,1013,1307.6666666666667,53,6109.55112721591,42676.456280885875,0.42105263157894735,9822.610896558652,1.0,18.98184360459382,6.138888888888889,34,247,heavy,opt,0.3
14,1014,1339.0226894138661,51,7230.137346451609,52260.95196683526,0.4641350210970464,11337.838041091924,1.0,20.77523199224911,5.75,33,237,heavy,opt,0.3
15,1015,1234.1784831822526,50,6020.607726396128,40401.96470545215,0.4484304932735426,9935.530962905212,1.0,17.269271421117374,5.916666666666667,19,223,heavy,opt,0.3
16,1016,1219.0555555555557,47,8089.004543104421,45327.05670352878,0.5021834061135371,12242.855721531769,1.0,22.340007494164407,5.5,42,229,heavy,opt,0.3
17,1017,1177.027777777778,46,5881.963379925038,34048.21170036342,0.4927536231884058,9811.96247583224,1.0,15.753628800623714,5.5,13,207,heavy,opt,0.3
18,1018,1182.1842928606009,44,4963.684974267115,33121.92375909127,0.4857142857142857,9010.015013055337,1.0,14.823882940474336,5.361111111111111,25,210,heavy,opt,0.3
19,1019,1296.1430602201362,50,14890.497249946073,64184.51385162966,0.6991869918699187,19491.22746273576,1.0,37.457646659015985,4.888888888888889,77,246,heavy,opt,0.3
20,1020,1301.3695791938553,47,8286.478707256576,41693.44796059557,0.5215311004784688,12513.161780894687,1.0,20.313373850422995,5.111111111111111,33,209,heavy,opt,0.3
21,1021,1257.4458378776148,51,8047.420997169508,43692.57049120279,0.49528301886792453,12100.471102737367,1.0,20.084586204817747,5.277777777777778,32,212,heavy,opt,0.3
22,1022,1188.7777777777778,48,10059.11007148325,51022.34040556048,0.6260869565217392,14443.70434068604,1.0,25.87902319987314,5.361111111111111,43,230,heavy,opt,0.3
23,1023,1346.8938632738204,56,3864.150938765282,38809.66496922422,0.39662447257383965,7677.902420710941,1.0,14.241369144179272,5.805555555555555,36,237,heavy,opt,0.3
24,1024,1184.5779642661041,46,2891.2666319056884,20255.07087904228,0.4482758620689655,6866.964033195056,1.0,10.849100863304605,5.333333333333333,15,203,heavy,opt,0.3
25,1025,1145.5555555555557,44,9528.38895398381,41742.594115561995,0.5650224215246636,13797.997427504843,1.0,24.0725669398751,5.138888888888889,45,223,heavy,opt,0.3
26,1026,1385.1650874765135,54,11391.436768904,53804.05644874509,0.6200873362445415,15750.891711543229,1.0,29.265426199683844,5.222222222222222,58,229,heavy,opt,0.3
27,1027,1256.861111111111,49,10806.933699761576,52419.882912864734,0.6442307692307693,15271.803206329234,1.0,24.87340586269122,4.694444444444445,47,208,heavy,opt,0.3
28,1028,1204.5,50,7488.030937116669,47412.14149206062,0.4890829694323144,11521.802173348575,1.0,20.90958989210505,5.555555555555555,39,229,heavy,opt,0.3
29,1029,1324.6666666666667,52,6328.7811859252115,42041.47964922432,0.49193548387096775,10329.172941307497,1.0,19.974631014865842,5.805555555555555,47,248,heavy,opt,0.3
0,1000,1184.0555555555557,47,6192.931343041868,32917.90315456891,0.4669811320754717,10024.716006541392,1.0,16.785330889686264,5.888888888888889,13,212,heavy,opt,1.0
1,1001,1323.4529703936678,53,12901.369262814036,58947.72632136094,0.6487603305785123,17314.444113927773,1.0,33.05552530542517,5.277777777777778,67,242,heavy,opt,1.0
2,1002,1225.963199267953,47,7748.72604564218,48647.75917066791,0.5805084745762712,12116.717857572949,1.0,22.187439159581796,5.138888888888889,55,236,heavy,opt,1.0
3,1003,1357.888888888889,56,5347.370063325115,39961.31073947449,0.4063926940639269,9186.187898383932,1.0,15.690513837338846,5.611111111111111,23,219,heavy,opt,1.0
4,1004,1198.111111111111,45,10203.96571448739,49354.12928616266,0.6079295154185022,14682.669326679752,1.0,26.213456264850393,5.305555555555555,47,227,heavy,opt,1.0
5,1005,1145.5877779131542,44,7625.034607248365,42890.68289682751,0.5258215962441315,11815.848679315995,1.0,19.655739882163747,5.166666666666667,34,213,heavy,opt,1.0
6,1006,1262.3055555555557,52,11443.365799645306,60484.28558027443,0.628,15889.219761981998,1.0,30.85844955745103,5.638888888888889,58,250,heavy,opt,1.0
7,1007,1222.0307001552105,48,8328.361975566544,43488.655154495675,0.4751131221719457,12357.704262608924,1.0,21.264715802966904,5.416666666666667,31,221,heavy,opt,1.0
8,1008,1225.5566812952654,49,9611.050512713051,46958.87908474918,0.5485232067510548,13758.024660261344,1.0,25.957634249143624,5.5,50,237,heavy,opt,1.0
9,1009,1255.767551712367,52,9466.407302276963,59556.93537382143,0.5691056910569106,13697.800570277546,1.0,26.355845846233223,5.694444444444445,51,246,heavy,opt,1.0
10,1010,1263.8268375786881,50,6821.437064542114,41947.40196599829,0.507177033492823,11131.97162434256,1.0,18.23296430642053,5.277777777777778,28,209,heavy,opt,1.0
11,1011,1158.95056028968,44,9116.766468786493,43413.54837623016,0.5613207547169812,13404.251298923786,1.0,22.614872508303456,5.083333333333333,39,212,heavy,opt,1.0
12,1012,1103.6336998472607,42,5499.9071824422535,29759.130123608687,0.5260663507109005,9674.580984044462,1.0,15.978866459794704,5.305555555555555,28,211,heavy,opt,1.0
13,1013,1298.4444444444441,52,5927.138438405118,42344.456280885875,0.4089068825910931,9673.230329757032,1.0,18.689305024346904,6.138888888888889,34,247,heavy,opt,1.0
14,1014,1339.0226894138661,51,7230.137346451609,52260.95196683526,0.4641350210970464,11337.838041091924,1.0,20.77523199224911,5.75,33,237,heavy,opt,1.0
15,1015,1252.1229276266972,51,5985.152334909983,40401.96470545215,0.4349775784753363,9888.844864250503,1.0,17.26241185321614,5.916666666666667,19,223,heavy,opt,1.0
16,1016,1173.8055555555557,47,7733.270816510816,43332.777389835945,0.519650655021834,11932.574286866262,1.0,21.767522302055337,5.777777777777778,36,229,heavy,opt,1.0
17,1017,1177.027777777778,46,5881.963379925038,34048.21170036342,0.4927536231884058,9811.96247583224,1.0,15.753628800623714,5.5,13,207,heavy,opt,1.0
18,1018,1182.1842928606009,44,4963.684974267115,33121.92375909127,0.4857142857142857,9010.015013055337,1.0,14.823882940474336,5.361111111111111,25,210,heavy,opt,1.0
19,1019,1212.888888888889,48,12878.63962198663,59280.32858409139,0.6829268292682927,17349.92685775801,1.0,33.32419142246813,5.111111111111111,70,246,heavy,opt,1.0
20,1020,1328.230690304966,47,8554.374229132187,43732.92553426695,0.507177033492823,12645.800827196965,0.9933430037022515,20.527274781574054,5.027777777777778,36,209,heavy,opt,1.0
21,1021,1257.4458378776148,51,8047.420997169508,43692.57049120279,0.49528301886792453,12100.471102737367,1.0,20.084586204817747,5.277777777777778,32,212,heavy,opt,1.0
22,1022,1267.361111111111,52,10936.241482487458,51946.343448827174,0.6391304347826087,15366.076212648693,1.0,27.566847273947214,5.361111111111111,45,230,heavy,opt,1.0
23,1023,1239.8055555555557,48,3526.4514145164408,35607.82614995836,0.4177215189873418,7464.643084143739,1.0,13.81474520308029,5.722222222222222,39,237,heavy,opt,1.0
24,1024,1191.0779642661041,47,3272.641871845716,20653.179122234447,0.41379310344827586,7174.26357365604,1.0,11.330441964489633,5.305555555555555,16,203,heavy,opt,1.0
25,1025,1145.5555555555557,44,9528.38895398381,41742.594115561995,0.5650224215246636,13797.997427504843,1.0,24.0725669398751,5.138888888888889,45,223,heavy,opt,1.0
26,1026,1385.1650874765135,54,11391.436768904,53804.05644874509,0.6200873362445415,15750.891711543229,1.0,29.265426199683844,5.222222222222222,58,229,heavy,opt,1.0
27,1027,1256.861111111111,49,10806.933699761576,52419.882912864734,0.6442307692307693,15271.803206329234,1.0,24.87340586269122,4.694444444444445,47,208,heavy,opt,1.0
28,1028,1204.5,50,7488.030937116669,47412.14149206062,0.4890829694323144,11521.802173348575,1.0,20.90958989210505,5.555555555555555,39,229,heavy,opt,1.0
29,1029,1324.6666666666667,52,6328.7811859252115,42041.47964922432,0.49193548387096775,10329.172941307497,1.0,19.974631014865842,5.805555555555555,47,248,heavy,opt,1.0
0,1000,1184.0555555555557,47,6192.931343041868,32917.90315456891,0.4669811320754717,10024.716006541392,1.0,16.785330889686264,5.888888888888889,13,212,heavy,opt,3.0
1,1001,1307.8418592825567,52,12781.002762542019,58385.72632136094,0.6487603305785123,17194.077613655758,1.0,32.830766871275266,5.305555555555555,66,242,heavy,opt,3.0
2,1002,1189.9354214901753,45,7808.778842748356,47350.75917066791,0.5720338983050848,12150.441057461281,1.0,22.248848690242642,5.166666666666667,54,236,heavy,opt,3.0
3,1003,1325.1363128381101,53,5474.557113298431,39961.31073947449,0.4292237442922374,9340.823545202538,0.992208700492632,15.978208333120271,5.611111111111111,23,219,heavy,opt,3.0
4,1004,1207.2601142214505,46,10242.132708602297,47660.12737454359,0.6079295154185022,14720.836320794659,1.0,26.28030740423375,5.388888888888889,44,227,heavy,opt,3.0
5,1005,1107.2222222222222,44,7577.189628815846,40223.19406997785,0.5258215962441315,11759.318726424517,1.0,19.56283185773562,5.361111111111111,27,213,heavy,opt,3.0
6,1006,1262.3055555555557,52,11443.365799645306,60484.28558027443,0.628,15889.219761981998,1.0,30.85844955745103,5.638888888888889,58,250,heavy,opt,3.0
7,1007,1231.864033488544,47,7490.713579342639,43269.05383792675,0.4796380090497738,11681.967658134603,1.0,20.104688185855405,5.527777777777778,29,221,heavy,opt,3.0
8,1008,1173.166666666667,46,9544.348498516909,45685.8788060435,0.5569620253164557,13719.1635587708,1.0,25.886568808917854,5.555555555555555,48,237,heavy,opt,3.0
9,1009,1222.7953294901445,51,8501.083092884748,53468.188537980735,0.5284552845528455,12746.725255454046,1.0,24.41905936902195,5.805555555555555,47,246,heavy,opt,3.0
10,1010,1334.4379486897992,54,7102.43045814522,42212.93013624645,0.49282296650717705,11326.423122284326,1.0,18.54654735479884,5.083333333333333,35,209,heavy,opt,3.0
11,1011,1158.95056028968,44,9116.766468786493,43413.54837623016,0.5613207547169812,13404.251298923786,1.0,22.614872508303456,5.083333333333333,39,212,heavy,opt,3.0
12,1012,1103.6336998472607,42,5499.9071824422535,29759.130123608687,0.5260663507109005,9674.580984044462,1.0,15.978866459794704,5.305555555555555,28,211,heavy,opt,3.0
13,1013,1270.6666666666663,50,5577.679084957514,39196.398915236205,0.4493927125506073,9475.895329607925,1.0,18.322887238568903,6.166666666666667,33,247,heavy,opt,3.0
14,1014,1200.939356080533,46,6049.697055286068,44169.66613427125,0.48523206751054854,9972.102672873752,1.0,18.277706666109403,5.944444444444445,26,237,heavy,opt,3.0
15,1015,1239.138888888889,49,5647.550711281352,39227.48562459754,0.43946188340807174,9647.526378877983,1.0,16.860575261872984,5.722222222222222,26,223,heavy,opt,3.0
16,1016,1180.2752247148212,48,7702.3969218934935,43332.777389835945,0.5152838427947598,11901.971666778925,1.0,21.738300913858836,5.75,36,229,heavy,opt,3.0
17,1017,1177.027777777778,46,5881.963379925038,34048.21170036342,0.4927536231884058,9811.96247583224,1.0,15.753628800623714,5.5,13,207,heavy,opt,3.0
18,1018,1182.1842928606009,44,4963.684974267115,33121.92375909127,0.4857142857142857,9010.015013055337,1.0,14.823882940474336,5.361111111111111,25,210,heavy,opt,3.0
19,1019,1176.829162002086,48,11660.190856642475,59280.32858409139,0.6788617886178862,16248.436416747136,1.0,31.14799814709254,5.361111111111111,61,246,heavy,opt,3.0
20,1020,1396.6666666666667,52,8956.218831876402,45656.92553426695,0.4880382775119617,12979.1735394346,0.9937056580232391,21.123253923994316,4.972222222222222,38,209,heavy,opt,3.0
21,1021,1276.1111111111115,50,7603.515969507972,43692.57049120279,0.49056603773584906,11549.541857454351,1.0,19.1096880617188,5.166666666666667,32,212,heavy,opt,3.0
22,1022,1267.361111111111,52,10936.241482487458,51946.343448827174,0.6391304347826087,15366.076212648693,1.0,27.566847273947214,5.361111111111111,45,230,heavy,opt,3.0
23,1023,1282.161692281735,50,3542.13514997281,36048.82614995836,0.3881856540084388,7397.56713477665,1.0,13.621727420590226,5.583333333333333,39,237,heavy,opt,3.0
24,1024,1191.0779642661041,47,3217.8856460806933,20653.179122234447,0.4039408866995074,7064.21923868067,1.0,11.169775142416025,5.388888888888889,16,203,heavy,opt,3.0
25,1025,1145.5555555555557,44,9528.38895398381,41742.594115561995,0.5650224215246636,13797.997427504843,1.0,24.0725669398751,5.138888888888889,45,223,heavy,opt,3.0
26,1026,1385.1650874765135,54,11391.436768904,53804.05644874509,0.6200873362445415,15750.891711543229,1.0,29.265426199683844,5.222222222222222,58,229,heavy,opt,3.0
27,1027,1193.7222222222222,47,10552.546603886674,51455.0110404857,0.6346153846153846,14962.847275772265,1.0,24.37755066550102,4.805555555555555,43,208,heavy,opt,3.0
28,1028,1204.5,50,7488.030937116669,47412.14149206062,0.4890829694323144,11521.802173348575,1.0,20.90958989210505,5.555555555555555,39,229,heavy,opt,3.0
29,1029,1279.638888888889,51,5407.543869952419,40626.47618465252,0.43951612903225806,9330.028364860631,1.0,18.065959294504545,5.916666666666667,43,248,heavy,opt,3.0
0,1000,1272.9722222222222,51,6489.803066426339,36567.27549790278,0.45754716981132076,10279.169664258186,1.0,17.2524993195201,5.694444444444445,21,212,heavy,opt,10.0
1,1001,1256.5918592825567,53,12597.147655281218,57831.72632136094,0.6157024793388429,16908.45364671361,1.0,32.5049703609613,5.194444444444445,66,242,heavy,opt,10.0
2,1002,1247.5743103790642,48,7809.364917189407,49425.75917066791,0.559322033898305,12097.973471243939,1.0,22.153305863488843,5.111111111111111,56,236,heavy,opt,10.0
3,1003,1173.2752017269993,48,4563.764273096209,32693.53598240357,0.3789954337899543,8116.0107598144095,0.992208700492632,13.908501542996811,5.611111111111111,23,219,heavy,opt,10.0
4,1004,1190.4545586658953,47,9425.897189734733,46744.61421100398,0.6079295154185022,13757.401394697985,1.0,24.589336566580506,5.527777777777778,42,227,heavy,opt,10.0
5,1005,1078.1666666666667,41,5746.336708213054,35628.20893304249,0.5258215962441315,9976.547270979692,1.0,16.55351858613068,5.361111111111111,29,213,heavy,opt,10.0
6,1006,1224.361111111111,50,11298.79315680725,59118.28558027443,0.616,15739.464533672963,1.0,30.634338391731443,5.666666666666667,57,250,heavy,opt,10.0
7,1007,1189.1111111111109,48,6473.093578883733,43083.251255479074,0.49321266968325794,10571.642818366163,1.0,18.275895136645143,5.638888888888889,27,221,heavy,opt,10.0
8,1008,1173.166666666667,46,9544.348498516909,45685.8788060435,0.5569620253164557,13719.1635587708,1.0,25.886568808917854,5.555555555555555,48,237,heavy,opt,10.0
9,1009,1245.9342183790334,52,8632.071764027243,57118.93537382143,0.4959349593495935,12665.86132274437,1.0,24.2655676448971,5.916666666666667,43,246,heavy,opt,10.0
10,1010,1040.861111111111,42,3438.194324924294,29646.755935321387,0.5119617224880383,7546.635268081802,1.0,12.524686291264933,5.416666666666667,25,209,heavy,opt,10.0
11,1011,1221.3272174880976,48,9154.444142250726,43187.54837623016,0.5283018867924528,13294.088844485781,1.0,22.302960626902443,5.111111111111111,41,212,heavy,opt,10.0
12,1012,1101.6111111111113,42,4609.318870260685,28793.1501934931,0.5876777251184834,8946.591348051565,1.0,14.91488260455944,5.5,29,211,heavy,opt,10.0
13,1013,1256.5555555555559,52,5031.589584814292,35009.6815662602,0.39271255060728744,8741.675673886584,1.0,16.770690131803256,6.194444444444445,34,247,heavy,opt,10.0
14,1014,1199.661578302755,47,5677.310236429421,44164.856919262966,0.4641350210970464,9630.634318443375,1.0,17.65326222166496,5.944444444444445,26,237,heavy,opt,10.0
15,1015,1239.138888888889,49,5647.550711281352,39227.48562459754,0.43946188340807174,9647.526378877983,1.0,16.860575261872984,5.722222222222222,26,223,heavy,opt,10.0
16,1016,1092.75,41,6500.615416707807,38038.50492742732,0.5152838427947598,10675.87720232943,1.0,19.282249403590324,5.666666666666667,32,229,heavy,opt,10.0
17,1017,1177.0277777777778,46,5643.038118148314,34048.21170036342,0.5120772946859904,9717.595326073788,1.0,15.602903491981738,5.5,13,207,heavy,opt,10.0
18,1018,1082.6666666666663,41,3477.0962177451,28303.344295112518,0.5095238095238095,7573.836623397845,1.0,12.599549929678588,5.555555555555555,21,210,heavy,opt,10.0
19,1019,1192.9444444444443,49,12693.006261318698,59786.17099534461,0.7073170731707317,17271.841089496018,1.0,33.055108868514026,5.277777777777778,64,246,heavy,opt,10.0
20,1020,1356.1195791938553,50,8448.769957107954,42859.92553426695,0.49282296650717705,12515.447253715307,0.9952257197516343,20.234483686176375,4.916666666666667,34,209,heavy,opt,10.0
21,1021,1276.1111111111115,52,7204.9185128390145,43692.57049120279,0.4811320754716981,11114.617329152463,1.0,18.464024481471885,5.166666666666667,32,212,heavy,opt,10.0
22,1022,1263.7777777777778,51,9752.635316408914,51022.34040556048,0.6217391304347826,14130.469558077344,1.0,25.372623840845858,5.555555555555555,43,230,heavy,opt,10.0
23,1023,1253.8839145039576,48,3334.1007822332276,33447.402892471786,0.4388185654008439,7144.862934821849,1.0,13.159606314191402,5.722222222222222,34,237,heavy,opt,10.0
24,1024,1102.5195474173056,44,2767.808682523686,17747.28212879121,0.4630541871921182,6643.572126145803,0.9905238965543459,10.510891162133795,5.5,12,203,heavy,opt,10.0
25,1025,1145.5555555555557,46,9505.057673130435,41399.11421172708,0.5515695067264574,13770.755275038475,1.0,23.991154902838062,5.138888888888889,45,223,heavy,opt,10.0
26,1026,1394.9999999999998,56,9707.24922926687,53342.04117290744,0.5807860262008734,14058.606627463632,1.0,25.96071081618314,5.277777777777778,53,229,heavy,opt,10.0
27,1027,1193.7222222222222,47,10547.301411578983,51455.0110404857,0.6346153846153846,14991.885737310726,1.0,24.424155603772622,4.805555555555555,43,208,heavy,opt,10.0
28,1028,1217.5170897777482,48,7401.750903032635,47446.14149206062,0.5021834061135371,11455.733310745947,1.0,20.70314995975938,5.527777777777778,37,229,heavy,opt,10.0
29,1029,1180.3333333333333,46,4617.995539611757,37384.162731680815,0.4637096774193548,8561.319272284733,1.0,16.594972759328446,6.027777777777778,39,248,heavy,opt,10.0
0,1000,746.5227314144431,32,3586.9117883698627,20270.432086821784,0.5518867924528302,7546.842014671563,0.9725823410603772,12.836747300134574,6.166666666666667,4,212,heavy,opt,30.0
1,1001,1110.9081407174428,48,8884.120064750767,45731.51278186917,0.5826446280991735,13072.627118980026,1.0,25.056536490843325,6.277777777777778,40,242,heavy,opt,30.0
2,1002,906.352088156842,36,5075.45876683713,32544.254301215085,0.6186440677966102,9425.63672969252,1.0,17.28701364893535,5.75,33,236,heavy,opt,30.0
3,1003,1124.0346551068087,47,3810.183886002085,28140.22012988628,0.4611872146118721,7532.773125430671,0.992208700492632,12.922937947857623,5.777777777777778,17,219,heavy,opt,30.0
4,1004,1002.5555555555555,39,6556.436780864863,42969.65250910827,0.5859030837004405,10915.849513606574,1.0,19.879066464484097,5.833333333333333,33,227,heavy,opt,30.0
5,1005,842.3888888888889,35,4254.0882681705925,20350.682896827508,0.6056338028169014,8651.053937920926,1.0,14.375045747075767,5.694444444444445,17,213,heavy,opt,30.0
6,1006,1117.1944444444443,46,10165.869442237588,54936.48283022246,0.656,14596.67884874586,1.0,28.854211684696136,5.75,54,250,heavy,opt,30.0
7,1007,776.7222222222222,31,3330.7792363293956,28474.450836763368,0.5429864253393665,7638.710927216282,1.0,13.623472698804676,5.916666666666667,17,221,heavy,opt,30.0
8,1008,1151.8888888888894,48,8469.629669889513,45588.71098495682,0.5021097046413502,12439.850980487005,1.0,23.480972171471585,5.777777777777778,46,237,heavy,opt,30.0
9,1009,1153.5731072679223,48,7040.602997611323,48602.347340105276,0.4634146341463415,11029.025197724828,1.0,21.158610185369266,6.166666666666667,34,246,heavy,opt,30.0
10,1010,718.7435042453549,29,2736.100612214294,14249.877017300838,0.5311004784688995,6962.621105465409,1.0,11.828421167909791,5.777777777777778,12,209,heavy,opt,30.0
11,1011,973.8827730436533,40,6424.916417827867,33378.14829288327,0.6179245283018868,10716.858101023512,1.0,18.238810028028983,5.5,27,212,heavy,opt,30.0
12,1012,717.1718557082947,28,3529.015755572022,20471.763741278897,0.5639810426540285,7824.28303117723,1.0,13.08766767508039,5.805555555555555,18,211,heavy,opt,30.0
13,1013,1104.916666666667,46,3623.6658494495177,30392.546159932623,0.4777327935222672,7630.662656648532,1.0,14.65325019925852,6.388888888888889,27,247,heavy,opt,30.0
14,1014,1195.8560227471996,48,5709.879581227384,44164.856919262966,0.4388185654008439,9554.322082156456,1.0,17.513709752529156,5.944444444444445,26,237,heavy,opt,30.0
15,1015,655.0277777777782,25,2568.946793860949,12365.789587758482,0.5829596412556054,6790.899345016771,1.0,12.063681718998845,5.944444444444445,17,223,heavy,opt,30.0
16,1016,815.8611111111111,33,3508.73594269664,22649.780598247075,0.5283842794759825,7619.627138059262,1.0,14.317024389742537,6.222222222222222,24,229,heavy,opt,30.0
17,1017,636.1809726635968,26,3290.957222107294,16414.822634048447,0.5458937198067633,7572.627835629678,0.9748496529003818,12.204058812028567,5.861111111111111,0,207,heavy,opt,30.0
18,1018,706.25,28,2793.377322940135,12655.594033644244,0.5523809523809524,7007.32572372227,0.9998262690134466,11.786468996562308,5.611111111111111,19,210,heavy,opt,30.0
19,1019,975.9444444444445,39,8990.008311781503,51217.79681500666,0.6260162601626016,13372.651669523651,1.0,25.5156706124577,5.611111111111111,48,246,heavy,opt,30.0
20,1020,1178.5918014160775,42,7073.1761136401965,35873.19406484021,0.5167464114832536,11036.214037714517,0.9952257197516343,17.84899184864424,5.055555555555555,29,209,heavy,opt,30.0
21,1021,597.6111111111111,25,3681.3477928192447,18055.969088652644,0.5801886792452831,7962.367550339783,1.0,13.453554164278307,5.694444444444445,13,212,heavy,opt,30.0
22,1022,1142.1388888888885,47,8830.169371089116,48964.29729858707,0.5782608695652174,13125.469292412907,1.0,23.58905855455866,5.666666666666667,39,230,heavy,opt,30.0
23,1023,1199.5277777777778,47,2904.5092563582875,29691.223814614263,0.3755274261603376,6575.568773170246,1.0,12.118535972282219,5.833333333333333,30,237,heavy,opt,30.0
24,1024,920.0555555555555,36,2381.022997663692,10302.317484006562,0.4975369458128079,6489.552421712305,0.9905238965543459,10.269641162133798,5.5,12,203,heavy,opt,30.0
25,1025,1135.6944444444443,46,9497.458276233676,41123.58794041215,0.5829596412556054,13831.708350583489,1.0,24.136246389056016,5.25,46,223,heavy,opt,30.0
26,1026,963.5817541431802,38,5316.336706223244,37533.60051502085,0.5458515283842795,9399.13317213115,1.0,17.483673858007275,6.25,28,229,heavy,opt,30.0
27,1027,1051.8807885822907,43,8841.477393931247,42693.850339628276,0.6153846153846154,13252.416984101354,1.0,21.646603512713025,5.305555555555555,31,208,heavy,opt,30.0
28,1028,995.2051324444741,42,4255.202449519374,32723.28291355871,0.5720524017467249,8515.485067601796,1.0,15.79323243975922,6.055555555555555,27,229,heavy,opt,30.0
29,1029,813.1587149918269,34,3114.005761335784,22766.847640968364,0.5040322580645161,7212.908012785212,1.0,14.049633312138,6.416666666666667,25,248,heavy,opt,30.0
0,1000,786.161620303332,34,2900.8049413432686,22398.60394788518,0.6132075471698113,7066.1149759792925,0.983593143529513,13.493220045483637,6.166666666666667,4,212,heavy,opt,100.0
1,1001,471.9166666666667,20,6387.743634786138,28147.148140470817,0.6983471074380165,10972.10768541973,1.0,21.918390634966848,6.666666666666667,26,242,heavy,opt,100.0
2,1002,590.1576437123975,23,5725.099847261926,31043.36707965142,0.6949152542372882,10323.255698179031,1.0,18.921566708833627,6.0,24,236,heavy,opt,100.0
3,1003,706.941868393666,31,4574.663296862058,28197.38233629254,0.589041095890411,8663.345168474576,0.992208700492632,14.833395335408667,6.0,9,219,heavy,opt,100.0
4,1004,494.5833333333337,19,5107.236240793586,23472.42786539538,0.6475770925110133,9679.398163615873,1.0,18.349047510410873,5.944444444444445,29,227,heavy,opt,100.0
5,1005,488.4166666666667,19,5365.933620474211,35120.60010186312,0.6807511737089202,9998.748210061232,1.0,16.5900062406397,5.5,24,213,heavy,opt,100.0
6,1006,806.6335299238522,35,8323.653400447309,40830.78626358748,0.66,12825.17659763806,1.0,25.43696197191102,6.388888888888889,31,250,heavy,opt,100.0
7,1007,509.3333333333333,22,5593.477995183774,27290.031265551705,0.6153846153846154,9866.55446529857,1.0,17.726678114824626,5.5,32,221,heavy,opt,100.0
8,1008,387.77890351748727,17,7346.761926904259,32392.042558495436,0.7637130801687764,12118.289457055529,1.0,23.86189747198657,5.833333333333333,44,237,heavy,opt,100.0
9,1009,542.0175517123672,24,7311.186613795514,34348.12285527715,0.6829268292682927,11768.695907597761,1.0,22.562614773553992,6.694444444444445,15,246,heavy,opt,100.0
10,1010,501.9935042453548,21,3773.767139351385,24866.92045819867,0.5645933014354066,8129.333022934261,1.0,13.709924182963732,5.277777777777778,30,209,heavy,opt,100.0
11,1011,412.6666666666667,16,5669.347478848445,25572.53834339844,0.6792452830188679,10276.082827651539,1.0,18.184108191957552,5.833333333333333,15,212,heavy,opt,100.0
12,1012,603.5833333333334,23,4269.246327696979,20471.763741278897,0.6066350710900474,8729.078927042126,1.0,14.560753585786355,5.666666666666667,23,211,heavy,opt,100.0
13,1013,663.8126378658768,28,3832.9280453726974,23133.826087867244,0.5991902834008097,8209.079982198107,1.0,15.755635071255005,6.833333333333333,11,247,heavy,opt,100.0
14,1014,559.4393560805329,22,5698.519265529953,26698.763024954256,0.679324894514768,10282.635091359414,1.0,18.84557844991418,5.916666666666667,27,237,heavy,opt,100.0
15,1015,651.555555555556,26,2992.808135199244,21814.081842778465,0.4618834080717489,6987.105623043677,1.0,12.89009375603588,5.944444444444445,17,223,heavy,opt,100.0
16,1016,474.3333333333333,19,4360.472774868281,26340.368429633207,0.5982532751091703,8699.396499720975,1.0,16.224950190826902,6.277777777777778,22,229,heavy,opt,100.0
17,1017,636.1809726635968,26,3541.9081769480204,19493.48113471741,0.5217391304347826,7834.632666547552,0.9748496529003818,12.622538750300171,5.861111111111111,0,207,heavy,opt,100.0
18,1018,645.4680533655838,27,3295.053314448005,17306.835222155758,0.5428571428571428,7496.899537000316,0.9998262690134466,12.579759897707293,5.888888888888889,9,210,heavy,opt,100.0
19,1019,542.6986157756919,21,7845.520203366611,36964.04928138883,0.6707317073170732,12399.248633712976,1.0,23.66800744263187,6.138888888888889,29,246,heavy,opt,100.0
20,1020,588.5084680827439,20,7477.198651637169,26236.558433436832,0.7511961722488039,12208.926709622809,0.9952257197516342,19.74017200627412,5.027777777777778,30,209,heavy,opt,100.0
21,1021,490.27638434460783,20,4428.059435575385,23335.947035595105,0.5566037735849056,8731.42699356209,1.0,14.855271772018506,5.361111111111111,25,212,heavy,opt,100.0
22,1022,485.1666666666667,19,6512.477980494347,27537.345556636945,0.7478260869565218,11427.005808320653,1.0,20.574810087419632,6.305555555555555,16,230,heavy,opt,100.0
23,1023,779.5505811706239,30,3433.4023248659328,25744.86476412906,0.5189873417721519,7500.9980831069415,1.0,13.810871978879414,6.027777777777778,23,237,heavy,opt,100.0
24,1024,862.8528807506389,35,2794.461720336409,17311.508574740248,0.541871921182266,7018.559172174453,0.9905238965543459,11.098255130836078,5.722222222222222,4,203,heavy,opt,100.0
25,1025,313.05555555555554,13,6744.683129351257,37871.08935706786,0.7040358744394619,11407.558592002955,1.0,20.69770772205995,6.111111111111111,21,223,heavy,opt,100.0
26,1026,542.6944444444445,22,5433.637324762731,31030.59216141772,0.6899563318777293,10022.355631297763,1.0,19.109722802059387,6.277777777777778,27,229,heavy,opt,100.0
27,1027,294.55555555555554,12,7560.306374280333,31018.70015421392,0.7644230769230769,12434.290383676833,1.0,21.404450734935242,5.305555555555555,39,208,heavy,opt,100.0
28,1028,487.30555555555554,21,4764.65409984669,24520.16061260608,0.6244541484716157,9229.535797802724,1.0,17.427164671364267,5.722222222222222,39,229,heavy,opt,100.0
29,1029,520.9166666666665,21,3716.2205258694207,21047.51117655124,0.5604838709677419,8025.754756155698,1.0,15.605080784019801,6.027777777777778,39,248,heavy,opt,100.0
0,1000,786.161620303332,34,2900.8049413432686,22398.60394788518,0.6132075471698113,7066.1149759792925,0.983593143529513,13.493220045483637,6.166666666666667,4,212,heavy,opt,300.0
1,1001,347.44444444444446,15,7341.079200592533,28147.148140470817,0.756198347107438,12078.016203256755,1.0,23.983435861174858,6.111111111111111,46,242,heavy,opt,300.0
2,1002,493.8798659346198,19,6020.130513389842,31043.36707965142,0.7288135593220338,10719.389374318656,1.0,19.64292124254467,5.611111111111111,38,236,heavy,opt,300.0
3,1003,706.941868393666,31,4574.663296862058,28197.38233629254,0.589041095890411,8663.345168474576,0.992208700492632,14.833395335408667,6.0,9,219,heavy,opt,300.0
4,1004,390.8611111111111,15,6658.288715105676,33755.53855824497,0.6916299559471366,11373.15465256852,1.0,21.31573518782021,6.194444444444445,20,227,heavy,opt,300.0
5,1005,488.4166666666667,19,5365.933620474211,35120.60010186312,0.6807511737089202,9998.748210061232,1.0,16.5900062406397,5.5,24,213,heavy,opt,300.0
6,1006,436.19444444444446,19,10550.536377459455,35455.0128059503,0.804,15324.568314547714,1.0,30.258319450517607,6.666666666666667,21,250,heavy,opt,300.0
7,1007,509.3333333333333,22,5593.477995183774,27290.031265551705,0.6153846153846154,9866.55446529857,1.0,17.726678114824626,5.5,32,221,heavy,opt,300.0
8,1008,387.77890351748727,17,7346.761926904259,32392.042558495436,0.7637130801687764,12118.289457055529,1.0,23.86189747198657,5.833333333333333,44,237,heavy,opt,300.0
9,1009,498.61111111111154,21,7439.506263231414,34348.12285527715,0.7032520325203252,11957.734011295377,1.0,22.921437100017066,6.194444444444445,33,246,heavy,opt,300.0
10,1010,501.9935042453548,21,3773.767139351385,24866.92045819867,0.5645933014354066,8129.333022934261,1.0,13.709924182963732,5.277777777777778,30,209,heavy,opt,300.0
11,1011,412.6666666666667,16,5669.347478848445,25572.53834339844,0.6792452830188679,10276.082827651539,1.0,18.184108191957552,5.833333333333333,15,212,heavy,opt,300.0
12,1012,603.5833333333334,23,4269.246327696979,20471.763741278897,0.6066350710900474,8729.078927042126,1.0,14.560753585786355,5.666666666666667,23,211,heavy,opt,300.0
13,1013,663.8126378658768,28,3832.9280453726974,23133.826087867244,0.5991902834008097,8209.079982198107,1.0,15.755635071255005,6.833333333333333,11,247,heavy,opt,300.0
14,1014,559.4393560805329,22,5698.519265529953,26698.763024954256,0.679324894514768,10282.635091359414,1.0,18.84557844991418,5.916666666666667,27,237,heavy,opt,300.0
15,1015,651.555555555556,26,2992.808135199244,21814.081842778465,0.4618834080717489,6987.105623043677,1.0,12.89009375603588,5.944444444444445,17,223,heavy,opt,300.0
16,1016,474.3333333333333,19,4360.472774868281,26340.368429633207,0.5982532751091703,8699.396499720975,1.0,16.224950190826902,6.277777777777778,22,229,heavy,opt,300.0
17,1017,636.1809726635968,26,3541.9081769480204,19493.48113471741,0.5217391304347826,7834.632666547552,0.9748496529003818,12.622538750300171,5.861111111111111,0,207,heavy,opt,300.0
18,1018,645.4680533655838,27,3295.053314448005,17306.835222155758,0.5428571428571428,7496.899537000316,0.9998262690134466,12.579759897707293,5.888888888888889,9,210,heavy,opt,300.0
19,1019,357.7819491090252,14,9810.866688022741,35832.112768448205,0.7642276422764228,14640.158189971611,1.0,27.92158576701169,6.277777777777778,24,246,heavy,opt,300.0
20,1020,588.5084680827439,20,7477.198651637169,26236.558433436832,0.7511961722488039,12208.926709622809,0.9952257197516342,19.74017200627412,5.027777777777778,30,209,heavy,opt,300.0
21,1021,490.27638434460783,20,4428.059435575385,23335.947035595105,0.5566037735849056,8731.42699356209,1.0,14.855271772018506,5.361111111111111,25,212,heavy,opt,300.0
22,1022,408.94444444444446,16,7483.004120737539,27537.345556636945,0.8173913043478261,12453.481007568982,1.0,22.396486752752313,6.222222222222222,19,230,heavy,opt,300.0
23,1023,744.7450256150684,28,3533.8432162375666,25744.86476412906,0.5232067510548524,7638.1106829713435,1.0,14.0616102980759,5.611111111111111,38,237,heavy,opt,300.0
24,1024,862.8528807506389,35,2794.461720336409,17311.508574740248,0.541871921182266,7018.559172174453,0.9905238965543459,11.098255130836078,5.722222222222222,4,203,heavy,opt,300.0
25,1025,313.05555555555554,13,6744.683129351257,37871.08935706786,0.7040358744394619,11407.558592002955,1.0,20.69770772205995,6.111111111111111,21,223,heavy,opt,300.0
26,1026,439.94444444444446,18,6826.080305682312,31030.59216141772,0.7336244541484717,11539.526038787804,1.0,21.790525451096567,5.777777777777778,45,229,heavy,opt,300.0
27,1027,294.55555555555554,12,7560.306374280333,31018.70015421392,0.7644230769230769,12434.290383676833,1.0,21.404450734935242,5.305555555555555,39,208,heavy,opt,300.0
28,1028,487.30555555555554,21,4764.65409984669,24520.16061260608,0.6244541484716157,9229.535797802724,1.0,17.427164671364267,5.722222222222222,39,229,heavy,opt,300.0
29,1029,520.9166666666665,21,3716.2205258694207,21047.51117655124,0.5604838709677419,8025.754756155698,1.0,15.605080784019801,6.027777777777778,39,248,heavy,opt,300.0
